trade_id,pos_dt,book_cd,desk_cd,instmt_id,qty_nom,dirty_px,mkt_val_lcy,ccy_cd,isin,issuer_id,asset_cls_cd,maturity_dt,cpn_rt,ext_rating_cd,duration,cpty_nm,country_cd,sector_cd,int_rating_cd,watchlist_flg,dv01,mkt_val_eur,rating_band
TRD-00016,20241231,CRDT-EUR-02,DESK-IG,INST-0022,48278332.39,92.574352,44693353.37,EUR,XS6344160868,ISS-0017,SVRN,20300528,4.0055,SUB_IG,8.3767,Counterparty ISS-0017,SE,SOVGN,4,N,3743828.131447,44693353.37,NON_IG
TRD-00017,20241231,CRDT-EUR-02,DESK-IG,INST-0008,20095301.37,87.222465,17527617.2,EUR,XS1965067727,ISS-0016,CVRDBND,20250628,5.2065,AAA,3.8367,Counterparty ISS-0016,CH,SOVGN,10,N,672482.089269,17527617.2,IG_PRIME
TRD-00018,20241231,CRDT-EUR-01,DESK-IG,INST-0010,40575989.61,113.473769,46043104.72,EUR,XS3030106617,ISS-0032,SVRN,20380828,2.0233,A,1.9055,Counterparty ISS-0032,CH,SUPRA,8,N,877351.36043,46043104.72,IG_STANDARD
TRD-00019,20241231,CRDT-EUR-01,DESK-IG,INST-0016,27947844.43,97.485221,27245017.91,EUR,XS3090237817,ISS-0028,CVRDBND,20340428,2.2416,A,1.348,Counterparty ISS-0028,US,FINAN,1,N,367262.841391,27245017.91,IG_STANDARD
TRD-00020,20241231,CRDT-USD-01,DESK-HY,INST-0050,22580671.8,0.0,0.0,GBP,XS4110335359,ISS-0026,ABS,20290828,8.3458,NR,8.2448,Counterparty ISS-0026,IT,SUPRA,9,N,0.0,0.0,UNRATED
TRD-00021,20241231,CRDT-EUR-02,DESK-IG,INST-0020,15338474.19,103.63082,15895386.58,GBP,XS2349409434,ISS-0014,ABS,20370528,1.547,A,9.8598,Counterparty ISS-0014,DE,SOVGN,8,N,1567253.325875,18597602.3,IG_STANDARD
TRD-00022,20241231,CRDT-EUR-01,DESK-IG,INST-0049,31313200.02,92.939384,29102295.21,EUR,XS6242173772,ISS-0035,CVRDBND,20330428,3.9867,BBB,0.9209,Counterparty ISS-0035,CA,SOVGN,10,N,268003.036582,29102295.21,IG_STANDARD
TRD-00023,20241231,CRDT-EUR-01,DESK-IG,INST-0011,8773296.06,87.251946,7654871.54,EUR,XS7060638140,ISS-0028,CVRDBND,20261228,5.8869,A,14.7704,Counterparty ISS-0028,US,FINAN,1,N,1130655.146046,7654871.54,IG_STANDARD
TRD-00024,20241231,CRDT-EUR-01,DESK-IG,INST-0027,34499619.68,99.097374,34188217.14,GBP,XS1480494664,ISS-0001,CVRDBND,20291228,4.8647,SUB_IG,12.6016,Counterparty ISS-0001,DE,FINAN,5,Y,4308262.371476,40000214.05,NON_IG
TRD-00025,20241231,CRDT-EUR-01,DESK-IG,INST-0015,35377095.91,106.089627,37531429.09,USD,XS6002078344,ISS-0004,SVRN,20370128,2.6216,BBB,11.869,Counterparty ISS-0004,SE,FINAN,7,N,4454605.319209,34528914.76,IG_STANDARD
TRD-00026,20241231,CRDT-EUR-02,DESK-IG,INST-0005,46203161.12,108.634841,50192730.62,EUR,XS1248786714,ISS-0016,ABS,20230630,7.5241,A,14.2308,Counterparty ISS-0016,CH,SOVGN,10,N,7142827.109026,50192730.62,IG_STANDARD
TRD-00027,20241231,CRDT-USD-01,DESK-HY,INST-0028,27273662.7,104.429042,28481624.68,USD,XS5474620894,ISS-0009,SVRN,20260628,7.6914,BBB,3.5461,Counterparty ISS-0009,DE,SOVGN,3,N,1009986.892633,26203094.71,IG_STANDARD
TRD-00028,20241231,CRDT-GBP-01,DESK-EM,INST-0010,3075938.17,108.778857,3345970.38,USD,XS3030106617,ISS-0032,SVRN,20380828,2.0233,A,1.9055,Counterparty ISS-0032,CH,SUPRA,8,N,63757.465655,3078292.75,IG_STANDARD
TRD-00029,20241231,CRDT-GBP-01,DESK-EM,INST-0029,23488028.72,94.122736,22107575.26,USD,XS9051829827,ISS-0007,SVRN,20291028,7.9061,NR,3.9327,Counterparty ISS-0007,AU,FINAN,4,N,869424.612397,20338969.24,UNRATED
TRD-00030,20241231,CRDT-EUR-02,DESK-IG,INST-0018,21944167.29,102.9411,22589567.19,GBP,XS1798112150,ISS-0033,SVRN,20271028,5.9017,AAA,3.9105,Counterparty ISS-0033,IT,CORP,3,N,883365.025128,26429793.61,IG_PRIME
TRD-00031,20241231,CRDT-EUR-02,DESK-IG,INST-0048,30225310.68,85.775947,25926046.47,USD,XS7767538527,ISS-0038,CVRDBND,20250828,8.0419,BBB,4.8299,Counterparty ISS-0038,FR,SUPRA,1,N,1252202.118429,23851962.75,IG_STANDARD
TRD-00032,20241231,CRDT-USD-01,DESK-HY,INST-0044,49978663.6,105.168448,52561784.84,USD,XS8995059760,ISS-0033,CVRDBND,20330828,6.5142,SUB_IG,12.678,Counterparty ISS-0033,IT,CORP,3,N,6663783.081922,48356842.05,NON_IG
TRD-00033,20241231,CRDT-GBP-01,DESK-EM,INST-0037,38179139.31,90.255722,34458857.84,USD,XS7049001493,ISS-0008,ABS,20340728,4.9353,NR,3.2817,Counterparty ISS-0008,US,SUPRA,8,N,1130836.337657,31702149.21,UNRATED
TRD-00034,20241231,CRDT-EUR-02,DESK-IG,INST-0018,49847579.2,98.07655,48888785.94,EUR,XS1798112150,ISS-0033,SVRN,20271028,5.9017,AAA,3.9105,Counterparty ISS-0033,IT,CORP,3,N,1911795.974101,48888785.94,IG_PRIME
TRD-00035,20241231,CRDT-EUR-02,DESK-IG,INST-0006,17463256.71,94.999252,16589963.25,,XS4504793184,ISS-0032,CORP,20290928,1.5271,NR,7.3916,Counterparty ISS-0032,CH,SUPRA,8,N,1226263.723538,16589963.25,UNRATED
TRD-00036,20241231,CRDT-EUR-01,DESK-IG,INST-0011,20641089.98,99.864071,20613032.75,,XS7060638140,ISS-0028,CVRDBND,20261228,5.8869,A,14.7704,Counterparty ISS-0028,US,FINAN,1,N,3044627.38972,20613032.75,IG_STANDARD
TRD-00037,20241231,CRDT-EUR-02,DESK-IG,INST-0049,22795812.84,94.435515,21527343.25,EUR,XS6242173772,ISS-0035,CVRDBND,20330428,3.9867,BBB,0.9209,Counterparty ISS-0035,CA,SOVGN,10,N,198245.304025,21527343.25,IG_STANDARD
TRD-00038,20241231,CRDT-GBP-01,DESK-EM,INST-0008,43259038.14,109.747816,47475849.58,EUR,XS1965067727,ISS-0016,CVRDBND,20250628,5.2065,AAA,3.8367,Counterparty ISS-0016,CH,SOVGN,10,N,1821505.920884,47475849.58,IG_PRIME
TRD-00039,20241231,CRDT-EUR-01,DESK-IG,INST-0043,20721053.78,90.627476,18778968.04,GBP,XS8737025391,ISS-0009,CORP,20411128,8.4031,BBB,9.1341,Counterparty ISS-0009,DE,SOVGN,3,N,1715289.719871,21971392.61,IG_STANDARD
TRD-00040,20241231,CRDT-GBP-01,DESK-EM,INST-0040,31307896.23,107.799716,33749823.22,EUR,XS1855256552,ISS-0020,SVRN,20260128,2.4587,NR,7.3895,Counterparty ISS-0020,NL,FINAN,5,N,2493943.186954,33749823.22,UNRATED
TRD-00041,20241231,CRDT-USD-01,DESK-HY,INST-0018,46390870.77,98.143483,45529616.37,USD,XS1798112150,ISS-0033,SVRN,20271028,5.9017,AAA,3.9105,Counterparty ISS-0033,IT,CORP,3,N,1780435.648059,41887247.06,IG_PRIME
TRD-00042,20241231,CRDT-EUR-02,DESK-IG,INST-0008,48660026.11,103.26615,50249335.55,EUR,XS1965067727,ISS-0016,CVRDBND,20250628,5.2065,AAA,3.8367,Counterparty ISS-0016,CH,SOVGN,10,N,1927916.257154,50249335.55,IG_PRIME
TRD-00043,20241231,CRDT-USD-01,DESK-HY,INST-0046,15606431.91,85.410234,13329490.01,USD,XS1346078411,ISS-0021,ABS,20320328,3.5643,A,2.7157,Counterparty ISS-0021,CH,SUPRA,6,N,361988.960293,12263130.81,IG_STANDARD
TRD-00044,20241231,CRDT-EUR-02,DESK-IG,INST-0006,49613631.26,112.387896,55759716.3,EUR,XS4504793184,ISS-0032,CORP,20290928,1.5271,NR,7.3916,Counterparty ISS-0032,CH,SUPRA,8,N,4121535.190202,55759716.3,UNRATED
TRD-00045,20241231,CRDT-EUR-02,DESK-IG,INST-0008,24968937.68,106.4981,26591444.22,EUR,XS1965067727,ISS-0016,CVRDBND,20250628,5.2065,AAA,3.8367,Counterparty ISS-0016,CH,SOVGN,10,N,1020233.940365,26591444.22,IG_PRIME
TRD-00046,20241231,CRDT-GBP-01,DESK-EM,INST-0027,49014207.17,92.311927,45245959.14,EUR,XS1480494664,ISS-0001,CVRDBND,20291228,4.8647,SUB_IG,12.6016,Counterparty ISS-0001,DE,FINAN,5,Y,5701714.787289,45245959.14,NON_IG
TRD-00047,20241231,CRDT-USD-01,DESK-HY,INST-0025,46101220.68,100.247227,46215195.34,USD,XS7393195616,ISS-0022,SVRN,20270128,5.5743,NR,12.5255,Counterparty ISS-0022,ES,CORP,6,N,5788684.292919,42517979.71,UNRATED
TRD-00048,20241231,CRDT-USD-01,DESK-HY,INST-0005,38656489.12,110.632371,42766590.46,EUR,XS1248786714,ISS-0016,ABS,20230630,7.5241,A,14.2308,Counterparty ISS-0016,CH,SOVGN,10,N,6086027.955013,42766590.46,IG_STANDARD
TRD-00049,20241231,CRDT-GBP-01,DESK-EM,INST-0033,41045418.71,93.485169,38371379.05,EUR,XS7482848011,ISS-0018,ABS,20421128,3.1492,AAA,0.9002,Counterparty ISS-0018,DE,FINAN,4,N,345419.154188,38371379.05,IG_PRIME
TRD-00050,20241231,CRDT-GBP-01,DESK-EM,INST-0038,49945226.43,99.68921,49790001.66,GBP,XS6587537178,ISS-0012,CVRDBND,20250928,2.931,NR,3.5476,Counterparty ISS-0012,FR,FINAN,7,N,1766350.098918,58254301.94,UNRATED
TRD-00051,20241231,CRDT-USD-01,DESK-HY,INST-0029,17321684.69,101.557523,17591473.91,GBP,XS9051829827,ISS-0007,SVRN,20291028,7.9061,NR,3.9327,Counterparty ISS-0007,AU,FINAN,4,N,691819.894578,20582024.47,UNRATED
TRD-00052,20241231,CRDT-EUR-02,DESK-IG,INST-0030,43493123.99,114.423239,49766241.21,USD,XS1106456634,ISS-0027,SVRN,20351228,6.7591,AA,6.4698,Counterparty ISS-0027,CH,CORP,6,N,3219776.273911,45784941.91,IG_PRIME
TRD-00053,20241231,CRDT-USD-01,DESK-HY,INST-0037,11754766.06,108.266334,12726454.28,GBP,XS7049001493,ISS-0008,ABS,20340728,4.9353,NR,3.2817,Counterparty ISS-0008,US,SUPRA,8,N,417644.05022,14889951.51,UNRATED
TRD-00054,20241231,CRDT-EUR-01,DESK-IG,INST-0021,35290871.26,109.342267,38587838.68,GBP,XS5334976883,ISS-0005,CVRDBND,20431028,8.4688,A,1.5623,Counterparty ISS-0005,DE,FINAN,2,N,602857.803694,45147771.26,IG_STANDARD
TRD-00055,20241231,CRDT-EUR-02,DESK-IG,INST-0043,24816899.62,86.110588,21369978.19,EUR,XS8737025391,ISS-0009,CORP,20411128,8.4031,BBB,9.1341,Counterparty ISS-0009,DE,SOVGN,3,N,1951955.177501,21369978.19,IG_STANDARD
TRD-00056,20241231,CRDT-GBP-01,DESK-EM,INST-0007,5075613.72,112.31325,5700586.73,EUR,XS6633778586,ISS-0034,SVRN,20451128,3.4874,A,13.5444,Counterparty ISS-0034,CA,CORP,9,N,772110.268568,5700586.73,IG_STANDARD
TRD-00057,20241231,CRDT-EUR-01,DESK-IG,INST-0047,20557933.13,104.64344,21512528.42,EUR,XS7045593274,ISS-0027,SVRN,20390928,3.8262,AAA,3.4991,Counterparty ISS-0027,CH,CORP,6,N,752744.881949,21512528.42,IG_PRIME
TRD-00058,20241231,CRDT-USD-01,DESK-HY,INST-0005,39098112.03,92.950683,36341962.17,GBP,XS1248786714,ISS-0016,ABS,20230630,7.5241,A,14.2308,Counterparty ISS-0016,CH,SOVGN,10,N,5171751.952772,42520095.74,IG_STANDARD
TRD-00059,20241231,CRDT-EUR-02,DESK-IG,INST-0042,42603088.09,110.57024,47106336.75,EUR,XS1939915527,ISS-0028,CORP,20411228,4.2164,AAA,8.5824,Counterparty ISS-0028,US,FINAN,1,N,4042854.245105,47106336.75,IG_PRIME
TRD-00060,20241231,CRDT-EUR-02,DESK-IG,INST-0021,43631912.57,86.076973,37557029.6,GBP,XS5334976883,ISS-0005,CVRDBND,20431028,8.4688,A,1.5623,Counterparty ISS-0005,DE,FINAN,2,N,586753.473476,43941724.63,IG_STANDARD
TRD-00061,20241231,CRDT-EUR-01,DESK-IG,INST-0016,49871553.56,107.402991,53563540.18,USD,XS3090237817,ISS-0028,CVRDBND,20340428,2.2416,A,1.348,Counterparty ISS-0028,US,FINAN,1,N,722036.521648,49278456.97,IG_STANDARD
TRD-00062,20241231,CRDT-EUR-02,DESK-IG,INST-0007,22239559.73,105.820035,23533909.89,EUR,XS6633778586,ISS-0034,SVRN,20451128,3.4874,A,13.5444,Counterparty ISS-0034,CA,CORP,9,N,3187526.891159,23533909.89,IG_STANDARD
TRD-00063,20241231,CRDT-EUR-01,DESK-IG,INST-0003,39827558.91,93.801033,37358661.68,USD,XS7980611182,ISS-0012,ABS,20411128,5.3718,SUB_IG,2.7162,Counterparty ISS-0012,FR,FINAN,7,N,1014735.968451,34369968.75,NON_IG
TRD-00064,20241231,CRDT-GBP-01,DESK-EM,INST-0028,12285451.87,97.361552,11961306.61,USD,XS5474620894,ISS-0009,SVRN,20260628,7.6914,BBB,3.5461,Counterparty ISS-0009,DE,SOVGN,3,N,424159.893727,11004402.08,IG_STANDARD
TRD-00065,20241231,CRDT-USD-01,DESK-HY,INST-0011,4040520.7,111.125188,4490036.22,USD,XS7060638140,ISS-0028,CVRDBND,20261228,5.8869,A,14.7704,Counterparty ISS-0028,US,FINAN,1,N,663196.310438,4130833.32,IG_STANDARD
TRD-00066,20241231,CRDT-USD-01,DESK-HY,INST-0032,11686203.37,104.137139,12169677.85,USD,XS4742303947,ISS-0020,CVRDBND,20250428,5.7803,A,6.2778,Counterparty ISS-0020,NL,FINAN,5,N,763988.035894,11196103.62,IG_STANDARD
TRD-00067,20241231,CRDT-EUR-02,DESK-IG,INST-0017,44955535.73,98.957598,44486918.33,EUR,XS1245522987,ISS-0021,CORP,20401028,4.5228,NR,12.8644,Counterparty ISS-0021,CH,SUPRA,6,N,5722975.121187,44486918.33,UNRATED
TRD-00068,20241231,CRDT-GBP-01,DESK-EM,INST-0044,7982983.54,98.251894,7843432.53,GBP,XS8995059760,ISS-0033,CVRDBND,20330828,6.5142,SUB_IG,12.678,Counterparty ISS-0033,IT,CORP,3,N,994390.375616,9176816.06,NON_IG
TRD-00069,20241231,CRDT-GBP-01,DESK-EM,INST-0038,31983041.25,97.729268,31256792.1,EUR,XS6587537178,ISS-0012,CVRDBND,20250928,2.931,NR,3.5476,Counterparty ISS-0012,FR,FINAN,7,N,1108865.95646,31256792.1,UNRATED
TRD-00070,20241231,CRDT-GBP-01,DESK-EM,INST-0030,10040928.26,96.540797,9693592.17,EUR,XS1106456634,ISS-0027,SVRN,20351228,6.7591,AA,6.4698,Counterparty ISS-0027,CH,CORP,6,N,627156.026111,9693592.17,IG_PRIME
TRD-00071,20241231,CRDT-EUR-02,DESK-IG,INST-0007,19130078.45,95.768775,18320641.79,EUR,XS6633778586,ISS-0034,SVRN,20451128,3.4874,A,13.5444,Counterparty ISS-0034,CA,CORP,9,N,2481421.006348,18320641.79,IG_STANDARD
TRD-00072,20241231,CRDT-GBP-01,DESK-EM,INST-0045,1194785.93,109.901127,1313083.2,EUR,XS3691864041,ISS-0032,ABS,20390528,1.1199,SUB_IG,4.6431,Counterparty ISS-0032,CH,SUPRA,8,N,60967.766166,1313083.2,NON_IG
TRD-00073,20241231,CRDT-EUR-02,DESK-IG,INST-0018,28339857.95,105.573985,29919517.38,EUR,XS1798112150,ISS-0033,SVRN,20271028,5.9017,AAA,3.9105,Counterparty ISS-0033,IT,CORP,3,N,1170002.72719,29919517.38,IG_PRIME
TRD-00074,20241231,CRDT-EUR-01,DESK-IG,INST-0039,41658661.09,112.088048,46694380.04,GBP,XS5659161352,ISS-0029,ABS,20450928,5.4541,BBB,1.8541,Counterparty ISS-0029,NL,SOVGN,5,N,865760.500298,54632424.65,IG_STANDARD
TRD-00075,20241231,CRDT-USD-01,DESK-HY,INST-0039,11028326.49,90.70396,10003128.85,EUR,XS5659161352,ISS-0029,ABS,20450928,5.4541,BBB,1.8541,Counterparty ISS-0029,NL,SOVGN,5,N,185468.011974,10003128.85,IG_STANDARD
TRD-00076,20241231,CRDT-GBP-01,DESK-EM,INST-0044,38396791.65,105.425653,40480068.33,GBP,XS8995059760,ISS-0033,CVRDBND,20330828,6.5142,SUB_IG,12.678,Counterparty ISS-0033,IT,CORP,3,N,5132063.062632,47361679.95,NON_IG
TRD-00077,20241231,CRDT-USD-01,DESK-HY,INST-0041,45179844.83,104.390218,47163338.51,USD,XS3472487690,ISS-0027,CORP,20371228,4.455,BBB,4.0378,Counterparty ISS-0027,CH,CORP,6,N,1904361.282361,43390271.43,IG_STANDARD
TRD-00078,20241231,CRDT-GBP-01,DESK-EM,INST-0029,29020732.89,106.970793,31043708.11,USD,XS9051829827,ISS-0007,SVRN,20291028,7.9061,NR,3.9327,Counterparty ISS-0007,AU,FINAN,4,N,1220855.908718,28560211.46,UNRATED
TRD-00079,20241231,CRDT-EUR-01,DESK-IG,INST-0019,37399295.16,90.269202,33760045.29,USD,XS9760623742,ISS-0016,CORP,20380228,5.759,SUB_IG,8.6958,Counterparty ISS-0016,CH,SOVGN,10,N,2935706.018724,31059241.67,NON_IG
TRD-00080,20241231,CRDT-USD-01,DESK-HY,INST-0035,26589533.45,112.404609,29887861.11,EUR,XS5791662169,ISS-0039,ABS,20311028,2.5378,BBB,10.7774,Counterparty ISS-0039,GB,FINAN,3,N,3221134.343204,29887861.11,IG_STANDARD
TRD-00081,20241231,CRDT-USD-01,DESK-HY,INST-0017,48372465.4,93.854243,45399611.22,GBP,XS1245522987,ISS-0021,CORP,20401028,4.5228,NR,12.8644,Counterparty ISS-0021,CH,SUPRA,6,N,5840387.585992,53117545.13,UNRATED
TRD-00082,20241231,CRDT-GBP-01,DESK-EM,INST-0008,48148375.31,89.22271,42959285.27,EUR,XS1965067727,ISS-0016,CVRDBND,20250628,5.2065,AAA,3.8367,Counterparty ISS-0016,CH,SOVGN,10,N,1648218.898052,42959285.27,IG_PRIME
TRD-00083,20241231,CRDT-USD-01,DESK-HY,INST-0044,48366760.39,109.137629,52786335.51,GBP,XS8995059760,ISS-0033,CVRDBND,20330828,6.5142,SUB_IG,12.678,Counterparty ISS-0033,IT,CORP,3,N,6692251.616434,61760012.55,NON_IG
TRD-00084,20241231,CRDT-GBP-01,DESK-EM,INST-0006,794540.89,101.097169,803258.35,EUR,XS4504793184,ISS-0032,CORP,20290928,1.5271,NR,7.3916,Counterparty ISS-0032,CH,SUPRA,8,N,59373.643928,803258.35,UNRATED
TRD-00085,20241231,CRDT-EUR-02,DESK-IG,INST-0024,29269548.57,109.672519,32100651.22,USD,XS4821286999,ISS-0008,SVRN,20421228,1.7436,A,4.5855,Counterparty ISS-0008,US,SUPRA,8,N,1471975.361539,29532599.12,IG_STANDARD
TRD-00086,20241231,CRDT-GBP-01,DESK-EM,INST-0007,11767712.92,85.750739,10090900.79,GBP,XS6633778586,ISS-0034,SVRN,20451128,3.4874,A,13.5444,Counterparty ISS-0034,CA,CORP,9,N,1366751.966912,11806353.92,IG_STANDARD
TRD-00087,20241231,CRDT-GBP-01,DESK-EM,INST-0040,32417853.79,104.062118,33734705.26,USD,XS1855256552,ISS-0020,SVRN,20260128,2.4587,NR,7.3895,Counterparty ISS-0020,NL,FINAN,5,N,2492826.045485,31035928.84,UNRATED
TRD-00088,20241231,CRDT-EUR-02,DESK-IG,INST-0045,32497048.37,88.500278,28759978.15,USD,XS3691864041,ISS-0032,ABS,20390528,1.1199,SUB_IG,4.6431,Counterparty ISS-0032,CH,SUPRA,8,N,1335354.545448,26459179.9,NON_IG
TRD-00089,20241231,CRDT-EUR-01,DESK-IG,INST-0003,49796776.0,88.483614,44061987.06,USD,XS7980611182,ISS-0012,ABS,20411128,5.3718,SUB_IG,2.7162,Counterparty ISS-0012,FR,FINAN,7,N,1196811.692531,40537028.1,NON_IG
TRD-00090,20241231,CRDT-USD-01,DESK-HY,INST-0035,19493426.97,96.130345,18739098.6,USD,XS5791662169,ISS-0039,ABS,20311028,2.5378,BBB,10.7774,Counterparty ISS-0039,GB,FINAN,3,N,2019587.612364,17239970.71,IG_STANDARD
TRD-00091,20241231,CRDT-EUR-02,DESK-IG,INST-0038,44282147.82,104.647657,46340230.16,EUR,XS6587537178,ISS-0012,CVRDBND,20250928,2.931,NR,3.5476,Counterparty ISS-0012,FR,FINAN,7,N,1643966.005259,46340230.16,UNRATED
TRD-00092,20241231,CRDT-EUR-02,DESK-IG,INST-0040,46958747.98,93.392204,43855809.71,GBP,XS1855256552,ISS-0020,SVRN,20260128,2.4587,NR,7.3895,Counterparty ISS-0020,NL,FINAN,5,N,3240725.058471,51311297.36,UNRATED
TRD-00093,20241231,CRDT-GBP-01,DESK-EM,INST-0014,22290323.4,92.083379,20525682.98,EUR,XS4590711152,ISS-0035,CORP,20320228,1.8305,AAA,7.5418,Counterparty ISS-0035,CA,SOVGN,10,N,1548005.95874,20525682.98,IG_PRIME
TRD-00094,20241231,CRDT-GBP-01,DESK-EM,INST-0007,18430014.43,112.050886,20650994.46,GBP,XS6633778586,ISS-0034,SVRN,20451128,3.4874,A,13.5444,Counterparty ISS-0034,CA,CORP,9,N,2797053.29347,24161663.52,IG_STANDARD
TRD-00095,20241231,CRDT-GBP-01,DESK-EM,INST-0004,13866483.9,114.046206,15814198.79,EUR,XS4944899549,ISS-0034,SVRN,20351028,4.4088,SUB_IG,2.1221,Counterparty ISS-0034,CA,CORP,9,N,335593.112598,15814198.79,NON_IG
TRD-00096,20241231,CRDT-EUR-02,DESK-IG,INST-0006,32121052.91,102.914379,33057182.13,EUR,XS4504793184,ISS-0032,CORP,20290928,1.5271,NR,7.3916,Counterparty ISS-0032,CH,SUPRA,8,N,2443454.674365,33057182.13,UNRATED
TRD-00097,20241231,CRDT-EUR-01,DESK-IG,INST-0004,12254087.97,88.777717,10878899.54,USD,XS4944899549,ISS-0034,SVRN,20351028,4.4088,SUB_IG,2.1221,Counterparty ISS-0034,CA,CORP,9,N,230861.127116,10008587.58,NON_IG
TRD-00098,20241231,CRDT-USD-01,DESK-HY,INST-0005,29360515.87,109.391589,32117934.85,USD,XS1248786714,ISS-0016,ABS,20230630,7.5241,A,14.2308,Counterparty ISS-0016,CH,SOVGN,10,N,4570639.072462,29548500.06,IG_STANDARD
TRD-00099,20241231,CRDT-USD-01,DESK-HY,INST-0022,39453323.34,102.879449,40589361.66,USD,XS6344160868,ISS-0017,SVRN,20300528,4.0055,SUB_IG,8.3767,Counterparty ISS-0017,SE,SOVGN,4,N,3400049.05854,37342212.73,NON_IG
TRD-00100,20241231,CRDT-GBP-01,DESK-EM,INST-0010,27056751.3,108.955415,29479795.66,USD,XS3030106617,ISS-0032,SVRN,20380828,2.0233,A,1.9055,Counterparty ISS-0032,CH,SUPRA,8,N,561737.506386,27121412.01,IG_STANDARD
TRD-00101,20241231,CRDT-EUR-01,DESK-IG,INST-0043,6676981.16,95.747268,6393027.05,EUR,XS8737025391,ISS-0009,CORP,20411128,8.4031,BBB,9.1341,Counterparty ISS-0009,DE,SOVGN,3,N,583945.48337,6393027.05,IG_STANDARD
TRD-00102,20241231,CRDT-USD-01,DESK-HY,INST-0038,887476.07,92.961025,825006.85,EUR,XS6587537178,ISS-0012,CVRDBND,20250928,2.931,NR,3.5476,Counterparty ISS-0012,FR,FINAN,7,N,29267.943057,825006.85,UNRATED
TRD-00103,20241231,CRDT-USD-01,DESK-HY,INST-0048,26351667.78,107.369958,28293774.63,GBP,XS7767538527,ISS-0038,CVRDBND,20250828,8.0419,BBB,4.8299,Counterparty ISS-0038,FR,SUPRA,1,N,1366561.020743,33103716.32,IG_STANDARD
TRD-00104,20241231,CRDT-EUR-02,DESK-IG,INST-0029,25710574.08,88.27162,22695140.25,USD,XS9051829827,ISS-0007,SVRN,20291028,7.9061,NR,3.9327,Counterparty ISS-0007,AU,FINAN,4,N,892531.780679,20879529.03,UNRATED
TRD-00105,20241231,CRDT-USD-01,DESK-HY,INST-0040,36389425.56,112.262551,40851697.43,USD,XS1855256552,ISS-0020,SVRN,20260128,2.4587,NR,7.3895,Counterparty ISS-0020,NL,FINAN,5,N,3018736.181435,37583561.64,UNRATED
TRD-00106,20241231,CRDT-GBP-01,DESK-EM,INST-0030,48204906.54,86.824762,41853795.38,GBP,XS1106456634,ISS-0027,SVRN,20351228,6.7591,AA,6.4698,Counterparty ISS-0027,CH,CORP,6,N,2707856.853216,48968940.59,IG_PRIME
TRD-00107,20241231,CRDT-EUR-02,DESK-IG,INST-0026,34336265.05,99.708066,34236025.82,GBP,XS4311931853,ISS-0022,CORP,20331128,1.7927,AAA,6.9066,Counterparty ISS-0022,ES,CORP,6,N,2364545.359145,40056150.21,IG_PRIME
TRD-00108,20241231,CRDT-EUR-02,DESK-IG,INST-0005,16173379.81,89.450015,14467090.67,EUR,XS1248786714,ISS-0016,ABS,20230630,7.5241,A,14.2308,Counterparty ISS-0016,CH,SOVGN,10,N,2058782.738505,14467090.67,IG_STANDARD
TRD-00109,20241231,CRDT-USD-01,DESK-HY,INST-0018,19107129.5,102.921756,19665393.2,EUR,XS1798112150,ISS-0033,SVRN,20271028,5.9017,AAA,3.9105,Counterparty ISS-0033,IT,CORP,3,N,769015.201187,19665393.2,IG_PRIME
TRD-00110,20241231,CRDT-GBP-01,DESK-EM,INST-0030,30310796.9,87.975354,26666030.87,GBP,XS1106456634,ISS-0027,SVRN,20351228,6.7591,AA,6.4698,Counterparty ISS-0027,CH,CORP,6,N,1725238.865421,31199256.12,IG_PRIME
TRD-00111,20241231,CRDT-EUR-01,DESK-IG,INST-0042,21560490.09,111.642731,24070719.95,EUR,XS1939915527,ISS-0028,CORP,20411228,4.2164,AAA,8.5824,Counterparty ISS-0028,US,FINAN,1,N,2065845.469286,24070719.95,IG_PRIME
TRD-00112,20241231,CRDT-EUR-02,DESK-IG,INST-0022,19996636.19,106.888375,21374079.48,GBP,XS6344160868,ISS-0017,SVRN,20300528,4.0055,SUB_IG,8.3767,Counterparty ISS-0017,SE,SOVGN,4,N,1790442.515646,25007672.99,NON_IG
TRD-00113,20241231,CRDT-GBP-01,DESK-EM,INST-0028,33288882.37,96.229031,32033568.94,EUR,XS5474620894,ISS-0009,SVRN,20260628,7.6914,BBB,3.5461,Counterparty ISS-0009,DE,SOVGN,3,N,1135942.388018,32033568.94,IG_STANDARD
TRD-00114,20241231,CRDT-USD-01,DESK-HY,INST-0044,3449952.08,109.953157,3793331.23,GBP,XS8995059760,ISS-0033,CVRDBND,20330828,6.5142,SUB_IG,12.678,Counterparty ISS-0033,IT,CORP,3,N,480918.532952,4438197.54,NON_IG
TRD-00115,20241231,CRDT-EUR-01,DESK-IG,INST-0028,37254989.56,96.179406,35831627.66,EUR,XS5474620894,ISS-0009,SVRN,20260628,7.6914,BBB,3.5461,Counterparty ISS-0009,DE,SOVGN,3,N,1270625.348599,35831627.66,IG_STANDARD
TRD-00116,20241231,CRDT-USD-01,DESK-HY,INST-0036,29364607.63,101.847592,29907145.77,USD,XS6141226746,ISS-0035,CORP,20270728,8.091,SUB_IG,13.8512,Counterparty ISS-0035,CA,SOVGN,10,N,4142498.575089,27514574.11,NON_IG
TRD-00117,20241231,CRDT-GBP-01,DESK-EM,INST-0043,20599350.78,111.208221,22908171.54,USD,XS8737025391,ISS-0009,CORP,20411128,8.4031,BBB,9.1341,Counterparty ISS-0009,DE,SOVGN,3,N,2092455.296634,21075517.82,IG_STANDARD
TRD-00118,20241231,CRDT-EUR-02,DESK-IG,INST-0047,48423091.4,103.012303,49881741.63,EUR,XS7045593274,ISS-0027,SVRN,20390928,3.8262,AAA,3.4991,Counterparty ISS-0027,CH,CORP,6,N,1745412.021548,49881741.63,IG_PRIME
TRD-00119,20241231,CRDT-GBP-01,DESK-EM,INST-0007,25419886.09,89.641905,22786870.14,GBP,XS6633778586,ISS-0034,SVRN,20451128,3.4874,A,13.5444,Counterparty ISS-0034,CA,CORP,9,N,3086344.839229,26660638.06,IG_STANDARD
TRD-00120,20241231,CRDT-EUR-02,DESK-IG,INST-0015,17570688.31,101.687964,17867275.2,EUR,XS6002078344,ISS-0004,SVRN,20370128,2.6216,BBB,11.869,Counterparty ISS-0004,SE,FINAN,7,N,2120666.893871,17867275.2,IG_STANDARD
TRD-00121,20241231,CRDT-EUR-01,DESK-IG,INST-0049,28747590.22,109.216641,31397152.41,USD,XS6242173772,ISS-0035,CVRDBND,20330428,3.9867,BBB,0.9209,Counterparty ISS-0035,CA,SOVGN,10,N,289136.376514,28885380.22,IG_STANDARD
TRD-00122,20241231,CRDT-EUR-01,DESK-IG,INST-0039,1544763.73,93.198112,1439690.63,USD,XS5659161352,ISS-0029,ABS,20450928,5.4541,BBB,1.8541,Counterparty ISS-0029,NL,SOVGN,5,N,26693.303993,1324515.38,IG_STANDARD
TRD-00123,20241231,CRDT-GBP-01,DESK-EM,INST-0022,404678.89,111.095881,449581.58,EUR,XS6344160868,ISS-0017,SVRN,20300528,4.0055,SUB_IG,8.3767,Counterparty ISS-0017,SE,SOVGN,4,N,37660.10005,449581.58,NON_IG
TRD-00124,20241231,CRDT-EUR-02,DESK-IG,INST-0005,37074356.05,114.15431,42321975.34,EUR,XS1248786714,ISS-0016,ABS,20230630,7.5241,A,14.2308,Counterparty ISS-0016,CH,SOVGN,10,N,6022755.66609,42321975.34,IG_STANDARD
TRD-00125,20241231,CRDT-EUR-01,DESK-IG,INST-0048,18872100.84,98.609374,18609660.5,EUR,XS7767538527,ISS-0038,CVRDBND,20250828,8.0419,BBB,4.8299,Counterparty ISS-0038,FR,SUPRA,1,N,898827.99244,18609660.5,IG_STANDARD
TRD-00126,20241231,CRDT-USD-01,DESK-HY,INST-0024,36107638.79,108.305069,39106403.11,EUR,XS4821286999,ISS-0008,SVRN,20421228,1.7436,A,4.5855,Counterparty ISS-0008,US,SUPRA,8,N,1793224.114416,39106403.11,IG_STANDARD
TRD-00127,20241231,CRDT-EUR-01,DESK-IG,INST-0004,7954753.87,103.535145,8235965.95,EUR,XS4944899549,ISS-0034,SVRN,20351028,4.4088,SUB_IG,2.1221,Counterparty ISS-0034,CA,CORP,9,N,174775.433503,8235965.95,NON_IG
TRD-00128,20241231,CRDT-EUR-01,DESK-IG,INST-0018,33130740.77,99.569851,32988229.22,GBP,XS1798112150,ISS-0033,SVRN,20271028,5.9017,AAA,3.9105,Counterparty ISS-0033,IT,CORP,3,N,1290004.703644,38596228.19,IG_PRIME
TRD-00129,20241231,CRDT-EUR-02,DESK-IG,INST-0027,10856891.37,100.370389,10897104.1,USD,XS1480494664,ISS-0001,CVRDBND,20291228,4.8647,SUB_IG,12.6016,Counterparty ISS-0001,DE,FINAN,5,Y,1373209.470439,10025335.77,NON_IG
TRD-00130,20241231,CRDT-GBP-01,DESK-EM,INST-0028,14233998.86,105.354588,14996170.85,USD,XS5474620894,ISS-0009,SVRN,20260628,7.6914,BBB,3.5461,Counterparty ISS-0009,DE,SOVGN,3,N,531779.214685,13796477.18,IG_STANDARD
TRD-00131,20241231,CRDT-EUR-02,DESK-IG,INST-0034,2366326.39,96.857902,2291974.1,USD,XS2140169349,ISS-0038,ABS,20440228,3.9765,AA,11.0639,Counterparty ISS-0038,FR,SUPRA,1,N,253581.721988,2108616.17,IG_PRIME
TRD-00132,20241231,CRDT-EUR-01,DESK-IG,INST-0001,15140826.16,91.337019,13829179.27,EUR,XS9573276057,ISS-0039,CVRDBND,20330928,8.2686,BBB,12.9813,Counterparty ISS-0039,GB,FINAN,3,N,1795207.248124,13829179.27,IG_STANDARD
TRD-00133,20241231,CRDT-USD-01,DESK-HY,INST-0049,14543411.85,88.59953,12885394.55,EUR,XS6242173772,ISS-0035,CVRDBND,20330428,3.9867,BBB,0.9209,Counterparty ISS-0035,CA,SOVGN,10,N,118661.598365,12885394.55,IG_STANDARD
TRD-00134,20241231,CRDT-EUR-02,DESK-IG,INST-0048,8867170.61,96.406223,8548504.27,GBP,XS7767538527,ISS-0038,CVRDBND,20250828,8.0419,BBB,4.8299,Counterparty ISS-0038,FR,SUPRA,1,N,412884.207837,10001750.0,IG_STANDARD
TRD-00135,20241231,CRDT-USD-01,DESK-HY,INST-0033,3696567.28,110.852931,4097753.18,EUR,XS7482848011,ISS-0018,ABS,20421128,3.1492,AAA,0.9002,Counterparty ISS-0018,DE,FINAN,4,N,36887.974093,4097753.18,IG_PRIME
TRD-00136,20241231,CRDT-EUR-01,DESK-IG,INST-0028,23041737.09,87.335878,20123703.39,EUR,XS5474620894,ISS-0009,SVRN,20260628,7.6914,BBB,3.5461,Counterparty ISS-0009,DE,SOVGN,3,N,713606.646055,20123703.39,IG_STANDARD
TRD-00137,20241231,CRDT-GBP-01,DESK-EM,INST-0037,28712644.08,106.284969,30517224.86,EUR,XS7049001493,ISS-0008,ABS,20340728,4.9353,NR,3.2817,Counterparty ISS-0008,US,SUPRA,8,N,1001483.768214,30517224.86,UNRATED
TRD-00138,20241231,CRDT-EUR-02,DESK-IG,INST-0019,20311112.12,113.985991,23151822.43,EUR,XS9760623742,ISS-0016,CORP,20380228,5.759,SUB_IG,8.6958,Counterparty ISS-0016,CH,SOVGN,10,N,2013236.175138,23151822.43,NON_IG
TRD-00139,20241231,CRDT-USD-01,DESK-HY,INST-0040,41618093.06,112.593093,46859098.22,GBP,XS1855256552,ISS-0020,SVRN,20260128,2.4587,NR,7.3895,Counterparty ISS-0020,NL,FINAN,5,N,3462653.063253,54825144.92,UNRATED
TRD-00140,20241231,CRDT-EUR-01,DESK-IG,INST-0028,12241492.09,102.666139,12567867.28,EUR,XS5474620894,ISS-0009,SVRN,20260628,7.6914,BBB,3.5461,Counterparty ISS-0009,DE,SOVGN,3,N,445669.141786,12567867.28,IG_STANDARD
TRD-00141,20241231,CRDT-EUR-01,DESK-IG,INST-0026,37315660.84,91.647162,34198744.14,USD,XS4311931853,ISS-0022,CORP,20331128,1.7927,AAA,6.9066,Counterparty ISS-0022,ES,CORP,6,N,2361970.46287,31462844.61,IG_PRIME
TRD-00142,20241231,CRDT-USD-01,DESK-HY,INST-0005,26577180.56,90.817111,24136627.57,USD,XS1248786714,ISS-0016,ABS,20230630,7.5241,A,14.2308,Counterparty ISS-0016,CH,SOVGN,10,N,3434835.19621,22205697.36,IG_STANDARD
TRD-00143,20241231,CRDT-GBP-01,DESK-EM,INST-0023,47915345.11,104.363289,50006030.09,GBP,XS9623534576,ISS-0034,ABS,20340928,7.954,SUB_IG,2.002,Counterparty ISS-0034,CA,CORP,9,N,1001120.722452,58507055.21,NON_IG
TRD-00144,20241231,CRDT-USD-01,DESK-HY,INST-0016,7407566.49,90.918154,6734822.71,USD,XS3090237817,ISS-0028,CVRDBND,20340428,2.2416,A,1.348,Counterparty ISS-0028,US,FINAN,1,N,90785.410118,6196036.89,IG_STANDARD
TRD-00145,20241231,CRDT-USD-01,DESK-HY,INST-0049,8939591.83,108.185443,9671337.02,USD,XS6242173772,ISS-0035,CVRDBND,20330428,3.9867,BBB,0.9209,Counterparty ISS-0035,CA,SOVGN,10,N,89063.342651,8897630.06,IG_STANDARD
TRD-00146,20241231,CRDT-EUR-02,DESK-IG,INST-0030,34088560.57,111.461445,37995602.19,GBP,XS1106456634,ISS-0027,SVRN,20351228,6.7591,AA,6.4698,Counterparty ISS-0027,CH,CORP,6,N,2458239.470555,44454854.56,IG_PRIME
TRD-00147,20241231,CRDT-GBP-01,DESK-EM,INST-0041,7632774.33,87.048588,6644222.28,EUR,XS3472487690,ISS-0027,CORP,20371228,4.455,BBB,4.0378,Counterparty ISS-0027,CH,CORP,6,N,268280.407201,6644222.28,IG_STANDARD
TRD-00148,20241231,CRDT-EUR-02,DESK-IG,INST-0041,39836850.99,102.742593,40929413.68,USD,XS3472487690,ISS-0027,CORP,20371228,4.455,BBB,4.0378,Counterparty ISS-0027,CH,CORP,6,N,1652647.865437,37655060.59,IG_STANDARD
TRD-00149,20241231,CRDT-GBP-01,DESK-EM,INST-0033,15589351.75,98.557416,15364462.26,USD,XS7482848011,ISS-0018,ABS,20421128,3.1492,AAA,0.9002,Counterparty ISS-0018,DE,FINAN,4,N,138310.889228,14135305.28,IG_PRIME
TRD-00150,20241231,CRDT-EUR-01,DESK-IG,INST-0024,3928876.96,110.927501,4358205.03,USD,XS4821286999,ISS-0008,SVRN,20421228,1.7436,A,4.5855,Counterparty ISS-0008,US,SUPRA,8,N,199845.491609,4009548.63,IG_STANDARD
TRD-00151,20241231,CRDT-EUR-01,DESK-IG,INST-0040,23189311.78,101.629491,23567179.53,GBP,XS1855256552,ISS-0020,SVRN,20260128,2.4587,NR,7.3895,Counterparty ISS-0020,NL,FINAN,5,N,1741496.731252,27573600.05,UNRATED
TRD-00152,20241231,CRDT-EUR-01,DESK-IG,INST-0029,16144185.47,99.268871,16026150.65,EUR,XS9051829827,ISS-0007,SVRN,20291028,7.9061,NR,3.9327,Counterparty ISS-0007,AU,FINAN,4,N,630260.426542,16026150.65,UNRATED
TRD-00153,20241231,CRDT-USD-01,DESK-HY,INST-0004,5264743.68,111.973805,5895133.82,GBP,XS4944899549,ISS-0034,SVRN,20351028,4.4088,SUB_IG,2.1221,Counterparty ISS-0034,CA,CORP,9,N,125100.634837,6897306.57,NON_IG
TRD-00154,20241231,CRDT-GBP-01,DESK-EM,INST-0046,25276995.17,90.176767,22793977.04,USD,XS1346078411,ISS-0021,ABS,20320328,3.5643,A,2.7157,Counterparty ISS-0021,CH,SUPRA,6,N,619016.03445,20970458.88,IG_STANDARD
TRD-00155,20241231,CRDT-USD-01,DESK-HY,INST-0046,49550202.53,100.722057,49907983.24,GBP,XS1346078411,ISS-0021,ABS,20320328,3.5643,A,2.7157,Counterparty ISS-0021,CH,SUPRA,6,N,1355351.100737,58392340.39,IG_STANDARD
TRD-00156,20241231,CRDT-USD-01,DESK-HY,INST-0024,45905045.78,96.622497,44354601.48,EUR,XS4821286999,ISS-0008,SVRN,20421228,1.7436,A,4.5855,Counterparty ISS-0008,US,SUPRA,8,N,2033880.25094,44354601.48,IG_STANDARD
TRD-00157,20241231,CRDT-GBP-01,DESK-EM,INST-0044,2713039.33,103.926597,2819569.45,GBP,XS8995059760,ISS-0033,CVRDBND,20330828,6.5142,SUB_IG,12.678,Counterparty ISS-0033,IT,CORP,3,N,357465.01499,3298896.26,NON_IG
TRD-00158,20241231,CRDT-GBP-01,DESK-EM,INST-0005,4815846.78,105.35138,5073561.04,EUR,XS1248786714,ISS-0016,ABS,20230630,7.5241,A,14.2308,Counterparty ISS-0016,CH,SOVGN,10,N,722008.324682,5073561.04,IG_STANDARD
TRD-00159,20241231,CRDT-GBP-01,DESK-EM,INST-0017,42593156.37,113.932301,48527363.12,GBP,XS1245522987,ISS-0021,CORP,20401028,4.5228,NR,12.8644,Counterparty ISS-0021,CH,SUPRA,6,N,6242754.101321,56777014.85,UNRATED
TRD-00160,20241231,CRDT-USD-01,DESK-HY,INST-0022,29178701.78,89.242851,26039905.35,USD,XS6344160868,ISS-0017,SVRN,20300528,4.0055,SUB_IG,8.3767,Counterparty ISS-0017,SE,SOVGN,4,N,2181284.751727,23956712.92,NON_IG
TRD-00161,20241231,CRDT-GBP-01,DESK-EM,INST-0020,34954150.14,96.75874,33821195.25,GBP,XS2349409434,ISS-0014,ABS,20370528,1.547,A,9.8598,Counterparty ISS-0014,DE,SOVGN,8,N,3334702.209572,39570798.44,IG_STANDARD
TRD-00162,20241231,CRDT-EUR-01,DESK-IG,INST-0020,32210313.84,94.854297,30552866.75,GBP,XS2349409434,ISS-0014,ABS,20370528,1.547,A,9.8598,Counterparty ISS-0014,DE,SOVGN,8,N,3012451.556253,35746854.1,IG_STANDARD
TRD-00163,20241231,CRDT-USD-01,DESK-HY,INST-0043,32336638.55,97.702191,31593604.36,USD,XS8737025391,ISS-0009,CORP,20411128,8.4031,BBB,9.1341,Counterparty ISS-0009,DE,SOVGN,3,N,2885791.415765,29066116.01,IG_STANDARD
TRD-00164,20241231,CRDT-GBP-01,DESK-EM,INST-0002,15512416.9,113.535079,17612034.78,EUR,XS8047877267,ISS-0008,CORP,20340228,3.9781,NR,7.079,Counterparty ISS-0008,US,SUPRA,8,N,1246755.942234,17612034.78,UNRATED
TRD-00165,20241231,CRDT-GBP-01,DESK-EM,INST-0050,9681061.16,114.999299,11133152.47,EUR,XS4110335359,ISS-0026,ABS,20290828,8.3458,NR,8.2448,Counterparty ISS-0026,IT,SUPRA,9,N,917906.154827,11133152.47,UNRATED
TRD-00166,20241231,CRDT-USD-01,DESK-HY,INST-0005,42236976.6,88.034223,37182994.17,EUR,XS1248786714,ISS-0016,ABS,20230630,7.5241,A,14.2308,Counterparty ISS-0016,CH,SOVGN,10,N,5291437.534131,37182994.17,IG_STANDARD
TRD-00167,20241231,CRDT-EUR-01,DESK-IG,INST-0043,43831999.35,103.540944,45384065.9,USD,XS8737025391,ISS-0009,CORP,20411128,8.4031,BBB,9.1341,Counterparty ISS-0009,DE,SOVGN,3,N,4145425.963469,41753340.63,IG_STANDARD
TRD-00168,20241231,CRDT-EUR-02,DESK-IG,INST-0010,9124213.76,105.785369,9652083.19,EUR,XS3030106617,ISS-0032,SVRN,20380828,2.0233,A,1.9055,Counterparty ISS-0032,CH,SUPRA,8,N,183920.445269,9652083.19,IG_STANDARD
TRD-00169,20241231,CRDT-USD-01,DESK-HY,INST-0047,2280252.15,95.928982,2187422.67,GBP,XS7045593274,ISS-0027,SVRN,20390928,3.8262,AAA,3.4991,Counterparty ISS-0027,CH,CORP,6,N,76540.106804,2559284.52,IG_PRIME
TRD-00170,20241231,CRDT-USD-01,DESK-HY,INST-0029,37644319.14,108.514011,40849360.61,EUR,XS9051829827,ISS-0007,SVRN,20291028,7.9061,NR,3.9327,Counterparty ISS-0007,AU,FINAN,4,N,1606482.804806,40849360.61,UNRATED
TRD-00171,20241231,CRDT-USD-01,DESK-HY,INST-0035,15542448.04,109.258716,16981479.16,USD,XS5791662169,ISS-0039,ABS,20311028,2.5378,BBB,10.7774,Counterparty ISS-0039,GB,FINAN,3,N,1830161.935364,15622960.83,IG_STANDARD
TRD-00172,20241231,CRDT-EUR-02,DESK-IG,INST-0013,33947510.57,102.112582,34664679.57,USD,XS6491309593,ISS-0012,SVRN,20270428,4.045,BBB,12.9896,Counterparty ISS-0012,FR,FINAN,7,N,4502803.217132,31891505.2,IG_STANDARD
TRD-00173,20241231,CRDT-EUR-02,DESK-IG,INST-0030,38928389.46,100.087201,38962335.4,USD,XS1106456634,ISS-0027,SVRN,20351228,6.7591,AA,6.4698,Counterparty ISS-0027,CH,CORP,6,N,2520785.176026,35845348.57,IG_PRIME
TRD-00174,20241231,CRDT-EUR-02,DESK-IG,INST-0011,40082835.29,89.151956,35734631.68,EUR,XS7060638140,ISS-0028,CVRDBND,20261228,5.8869,A,14.7704,Counterparty ISS-0028,US,FINAN,1,N,5278148.037854,35734631.68,IG_STANDARD
TRD-00175,20241231,CRDT-GBP-01,DESK-EM,INST-0004,24081473.71,96.136363,23151052.98,GBP,XS4944899549,ISS-0034,SVRN,20351028,4.4088,SUB_IG,2.1221,Counterparty ISS-0034,CA,CORP,9,N,491288.495322,27086731.99,NON_IG
TRD-00176,20241231,CRDT-EUR-01,DESK-IG,INST-0046,14324644.4,107.893505,15455360.92,EUR,XS1346078411,ISS-0021,ABS,20320328,3.5643,A,2.7157,Counterparty ISS-0021,CH,SUPRA,6,N,419721.236557,15455360.92,IG_STANDARD
TRD-00177,20241231,CRDT-GBP-01,DESK-EM,INST-0029,7452697.93,98.124177,7312898.51,GBP,XS9051829827,ISS-0007,SVRN,20291028,7.9061,NR,3.9327,Counterparty ISS-0007,AU,FINAN,4,N,287594.359628,8556091.26,UNRATED
TRD-00178,20241231,CRDT-USD-01,DESK-HY,INST-0029,46530549.16,97.446907,45342580.97,EUR,XS9051829827,ISS-0007,SVRN,20291028,7.9061,NR,3.9327,Counterparty ISS-0007,AU,FINAN,4,N,1783187.681671,45342580.97,UNRATED
TRD-00179,20241231,CRDT-EUR-02,DESK-IG,INST-0033,11865325.89,114.835761,13625637.28,USD,XS7482848011,ISS-0018,ABS,20421128,3.1492,AAA,0.9002,Counterparty ISS-0018,DE,FINAN,4,N,122657.986803,12535586.3,IG_PRIME
TRD-00180,20241231,CRDT-GBP-01,DESK-EM,INST-0015,16002375.28,87.972494,14077688.63,USD,XS6002078344,ISS-0004,SVRN,20370128,2.6216,BBB,11.869,Counterparty ISS-0004,SE,FINAN,7,N,1670880.863857,12951473.54,IG_STANDARD
