STUDYID,SUBJID,SITEID,AETERM,AESEV,AESTDTC
ADC-XYZ-001,0001,003,HEADACHE,3,2025-06-10
ADC-XYZ-001,0001,003,NAUSEA,5,2025-04-14
ADC-XYZ-001,0002,002,FATIGUE,3,2025-04-27
ADC-XYZ-001,0003,004,NAUSEA,1,2025-11-24
ADC-XYZ-001,0004,003,NAUSEA,2,2025-05-17
ADC-XYZ-001,0004,003,RASH,3,2025-05-01
ADC-XYZ-001,0004,003,HEADACHE,4,2025-05-25
ADC-XYZ-001,0004,003,NAUSEA,1,2025-05-13
ADC-XYZ-001,0004,003,DIARRHOEA,3,2025-05-25
ADC-XYZ-001,0004,003,DIARRHOEA,1,2025-06-01
ADC-XYZ-001,0005,004,RASH,1,2025-07-18
ADC-XYZ-001,0005,004,FATIGUE,1,2025-07-05
ADC-XYZ-001,0006,003,HEADACHE,2,2025-05-27
ADC-XYZ-001,0006,003,RASH,2,2025-05-27
ADC-XYZ-001,0008,002,DIARRHOEA,1,2025-04-11
ADC-XYZ-001,0008,002,DIZZINESS,3,2025-05-07
ADC-XYZ-001,0009,005,NAUSEA,1,2025-04-17
ADC-XYZ-001,0009,005,HEADACHE,3,2025-05-18
ADC-XYZ-001,0009,005,HEADACHE,1,2025-05-13
ADC-XYZ-001,0010,005,DIARRHOEA,3,2025-08-26
ADC-XYZ-001,0010,005,DIZZINESS,3,2025-10-03
ADC-XYZ-001,0011,003,FATIGUE,1,2025-05-16
ADC-XYZ-001,0011,003,RASH,1,2025-06-29
ADC-XYZ-001,0011,003,HEADACHE,2,2025-07-12
ADC-XYZ-001,0012,003,HEADACHE,1,2025-03-21
ADC-XYZ-001,0012,003,DIZZINESS,1,2025-04-02
ADC-XYZ-001,0013,002,DIZZINESS,2,2025-05-23
ADC-XYZ-001,0013,002,DIARRHOEA,2,2025-05-05
ADC-XYZ-001,0014,001,DIZZINESS,4,2025-11-02
ADC-XYZ-001,0015,002,DIARRHOEA,2,2025-08-01
ADC-XYZ-001,0016,003,HEADACHE,1,2025-11-01
ADC-XYZ-001,0016,003,DIZZINESS,2,2025-10-28
ADC-XYZ-001,0016,003,FATIGUE,1,2025-08-22
ADC-XYZ-001,0017,002,DIZZINESS,2,2025-04-09
ADC-XYZ-001,0017,002,NAUSEA,5,2025-04-06
ADC-XYZ-001,0017,002,DIZZINESS,5,2025-02-13
ADC-XYZ-001,0017,002,FATIGUE,1,2025-02-24
ADC-XYZ-001,0017,002,FATIGUE,1,2025-03-03
ADC-XYZ-001,0018,005,DIARRHOEA,1,2025-02-14
ADC-XYZ-001,0020,005,FATIGUE,3,2025-10-11
ADC-XYZ-001,0020,005,HEADACHE,1,2025-09-23
ADC-XYZ-001,0021,001,RASH,2,2025-07-14
ADC-XYZ-001,0023,003,DIARRHOEA,4,2025-09-13
ADC-XYZ-001,0023,003,DIARRHOEA,2,2025-09-21
ADC-XYZ-001,0024,004,FATIGUE,2,2025-08-16
ADC-XYZ-001,0024,004,DIARRHOEA,2,2025-09-03
ADC-XYZ-001,0024,004,NAUSEA,2,2025-08-11
ADC-XYZ-001,0026,002,DIZZINESS,3,2025-04-26
ADC-XYZ-001,0026,002,DIARRHOEA,3,2025-04-25
ADC-XYZ-001,0026,002,DIARRHOEA,2,2025-04-13
ADC-XYZ-001,0030,004,NAUSEA,3,2025-03-02
ADC-XYZ-001,0030,004,HEADACHE,2,2025-03-04
ADC-XYZ-001,0030,004,HEADACHE,1,2025-02-24
ADC-XYZ-001,0030,004,HEADACHE,3,2025-03-12
ADC-XYZ-001,0030,004,DIARRHOEA,1,2025-03-26
ADC-XYZ-001,0031,004,HEADACHE,4,2025-05-27
ADC-XYZ-001,0036,002,DIZZINESS,1,2025-03-23
ADC-XYZ-001,0037,003,NAUSEA,2,2025-07-09
ADC-XYZ-001,0038,002,FATIGUE,3,2025-04-29
ADC-XYZ-001,0038,002,DIZZINESS,2,2025-05-19
ADC-XYZ-001,0038,002,DIZZINESS,3,2025-05-04
ADC-XYZ-001,0038,002,FATIGUE,5,2025-06-09
ADC-XYZ-001,0039,003,DIZZINESS,1,2025-10-28
ADC-XYZ-001,0039,003,HEADACHE,1,2025-09-26
ADC-XYZ-001,0039,003,FATIGUE,1,2025-08-15
ADC-XYZ-001,0040,002,NAUSEA,2,2025-11-29
ADC-XYZ-001,0040,002,HEADACHE,1,2025-11-23
ADC-XYZ-001,0041,004,DIZZINESS,3,2025-03-26
ADC-XYZ-001,0041,004,FATIGUE,2,2025-02-23
ADC-XYZ-001,0041,004,RASH,2,2025-03-16
ADC-XYZ-001,0041,004,FATIGUE,1,2025-02-11
ADC-XYZ-001,0042,002,DIARRHOEA,1,2025-09-01
ADC-XYZ-001,0042,002,HEADACHE,1,2025-08-27
ADC-XYZ-001,0043,005,FATIGUE,2,2025-05-16
ADC-XYZ-001,0044,002,DIARRHOEA,3,2025-07-21
ADC-XYZ-001,0044,002,DIZZINESS,3,2025-09-11
ADC-XYZ-001,0045,002,HEADACHE,1,2025-05-11
ADC-XYZ-001,0046,003,DIARRHOEA,2,2025-03-05
ADC-XYZ-001,0046,003,DIARRHOEA,1,2025-04-20
ADC-XYZ-001,0046,003,RASH,1,2025-04-19
ADC-XYZ-001,0047,002,FATIGUE,2,2025-06-10
ADC-XYZ-001,0047,002,HEADACHE,3,2025-07-02
ADC-XYZ-001,0047,002,RASH,4,2025-05-14
ADC-XYZ-001,0047,002,NAUSEA,3,2025-05-13
ADC-XYZ-001,0047,002,HEADACHE,3,2025-04-26
ADC-XYZ-001,0048,002,HEADACHE,2,2025-10-07
ADC-XYZ-001,0048,002,HEADACHE,1,2025-10-06
ADC-XYZ-001,0048,002,HEADACHE,3,2025-10-03
ADC-XYZ-001,0048,002,DIARRHOEA,1,2025-09-15
ADC-XYZ-001,0049,001,HEADACHE,1,2025-02-22
ADC-XYZ-001,0049,001,DIZZINESS,2,2025-04-16
ADC-XYZ-001,0049,001,DIZZINESS,2,2025-04-18
ADC-XYZ-001,0049,001,DIZZINESS,1,2025-03-05
ADC-XYZ-001,0049,001,RASH,1,2025-05-01
ADC-XYZ-001,0051,002,FATIGUE,3,2025-06-24
ADC-XYZ-001,0051,002,DIZZINESS,4,2025-05-16
ADC-XYZ-001,0052,004,DIZZINESS,1,2025-10-11
ADC-XYZ-001,0054,005,HEADACHE,2,2025-05-10
ADC-XYZ-001,0054,005,FATIGUE,2,2025-05-18
ADC-XYZ-001,0055,003,DIARRHOEA,1,2025-02-15
ADC-XYZ-001,0055,003,DIZZINESS,5,2025-04-04
ADC-XYZ-001,0055,003,DIARRHOEA,1,2025-03-23
ADC-XYZ-001,0055,003,DIARRHOEA,1,2025-04-20
ADC-XYZ-001,0055,003,DIARRHOEA,2,2025-04-27
ADC-XYZ-001,0056,005,NAUSEA,4,2025-09-10
ADC-XYZ-001,0056,005,DIARRHOEA,1,2025-11-16
ADC-XYZ-001,0056,005,DIZZINESS,2,2025-10-16
ADC-XYZ-001,0056,005,HEADACHE,2,2025-08-11
ADC-XYZ-001,0057,005,HEADACHE,1,2025-10-21
ADC-XYZ-001,0057,005,DIARRHOEA,1,2025-08-17
ADC-XYZ-001,0057,005,DIARRHOEA,1,2025-10-02
ADC-XYZ-001,0058,005,DIZZINESS,2,2025-07-01
ADC-XYZ-001,0058,005,DIARRHOEA,1,2025-06-30
ADC-XYZ-001,0058,005,HEADACHE,2,2025-07-19
ADC-XYZ-001,0058,005,FATIGUE,1,2025-06-05
ADC-XYZ-001,0059,003,DIARRHOEA,1,2025-07-02
ADC-XYZ-001,0059,003,DIARRHOEA,2,2025-06-14
ADC-XYZ-001,0059,003,HEADACHE,1,2025-05-25
ADC-XYZ-001,0059,003,DIARRHOEA,3,2025-05-22
ADC-XYZ-001,0059,003,HEADACHE,1,2025-05-14
ADC-XYZ-001,0059,003,DIARRHOEA,1,2025-05-19
ADC-XYZ-001,0060,001,DIZZINESS,2,2025-08-31
ADC-XYZ-001,0060,001,RASH,2,2025-11-17
ADC-XYZ-001,0060,001,HEADACHE,3,2025-08-24
ADC-XYZ-001,0061,004,FATIGUE,1,2025-11-04
ADC-XYZ-001,0061,004,DIZZINESS,2,2025-10-20
ADC-XYZ-001,0062,001,FATIGUE,3,2025-03-11
ADC-XYZ-001,0062,001,RASH,1,2025-02-22
ADC-XYZ-001,0062,001,DIARRHOEA,1,2025-02-23
ADC-XYZ-001,0063,004,FATIGUE,1,2025-03-31
ADC-XYZ-001,0063,004,DIARRHOEA,3,2025-04-02
ADC-XYZ-001,0064,005,DIARRHOEA,3,2025-05-16
ADC-XYZ-001,0064,005,FATIGUE,2,2025-04-11
ADC-XYZ-001,0066,002,HEADACHE,1,2025-11-24
ADC-XYZ-001,0066,002,DIARRHOEA,1,2025-12-10
ADC-XYZ-001,0067,005,FATIGUE,1,2025-11-04
ADC-XYZ-001,0067,005,FATIGUE,3,2025-10-26
ADC-XYZ-001,0067,005,FATIGUE,2,2025-10-23
ADC-XYZ-001,0068,004,NAUSEA,3,2025-10-29
ADC-XYZ-001,0069,003,DIARRHOEA,1,2025-08-23
ADC-XYZ-001,0069,003,DIZZINESS,4,2025-08-31
ADC-XYZ-001,0069,003,HEADACHE,4,2025-08-18
ADC-XYZ-001,0070,003,DIARRHOEA,1,2025-11-15
ADC-XYZ-001,0071,001,DIARRHOEA,4,2025-05-19
ADC-XYZ-001,0071,001,NAUSEA,2,2025-05-21
ADC-XYZ-001,0072,004,NAUSEA,2,2025-12-04
ADC-XYZ-001,0072,004,RASH,4,2026-01-06
ADC-XYZ-001,0072,004,DIZZINESS,3,2026-01-02
ADC-XYZ-001,0072,004,NAUSEA,1,2025-11-25
ADC-XYZ-001,0072,004,NAUSEA,4,2025-11-02
ADC-XYZ-001,0073,003,FATIGUE,1,2025-06-15
ADC-XYZ-001,0073,003,HEADACHE,1,2025-07-02
ADC-XYZ-001,0073,003,HEADACHE,4,2025-05-22
ADC-XYZ-001,0073,003,DIARRHOEA,2,2025-07-09
ADC-XYZ-001,0074,003,NAUSEA,4,2025-10-13
ADC-XYZ-001,0074,003,NAUSEA,1,2025-10-04
ADC-XYZ-001,0075,004,FATIGUE,1,2025-11-06
ADC-XYZ-001,0075,004,NAUSEA,3,2025-10-30
ADC-XYZ-001,0075,004,DIZZINESS,1,2025-11-05
ADC-XYZ-001,0075,004,HEADACHE,1,2025-11-05
ADC-XYZ-001,0075,004,HEADACHE,3,2025-12-25
ADC-XYZ-001,0075,004,DIZZINESS,2,2025-12-28
ADC-XYZ-001,0076,005,NAUSEA,2,2025-10-17
ADC-XYZ-001,0076,005,NAUSEA,3,2025-09-19
ADC-XYZ-001,0077,001,DIARRHOEA,1,2025-08-06
ADC-XYZ-001,0077,001,RASH,2,2025-09-05
ADC-XYZ-001,0078,004,NAUSEA,1,2025-11-02
ADC-XYZ-001,0078,004,DIARRHOEA,3,2025-12-04
ADC-XYZ-001,0080,004,HEADACHE,3,2025-05-12
ADC-XYZ-001,0080,004,RASH,2,2025-06-11
ADC-XYZ-001,0080,004,NAUSEA,3,2025-06-22
ADC-XYZ-001,0081,004,RASH,1,2025-08-12
ADC-XYZ-001,0082,003,DIARRHOEA,1,2025-11-30
ADC-XYZ-001,0083,001,HEADACHE,2,2026-01-14
ADC-XYZ-001,0083,001,FATIGUE,2,2025-12-18
ADC-XYZ-001,0083,001,DIARRHOEA,1,2026-01-17
ADC-XYZ-001,0083,001,NAUSEA,2,2026-01-17
ADC-XYZ-001,0084,004,FATIGUE,5,2025-08-09
ADC-XYZ-001,0084,004,FATIGUE,1,2025-10-13
ADC-XYZ-001,0084,004,NAUSEA,1,2025-10-04
ADC-XYZ-001,0084,004,NAUSEA,1,2025-08-23
ADC-XYZ-001,0084,004,HEADACHE,4,2025-07-25
ADC-XYZ-001,0085,003,FATIGUE,1,2025-04-15
ADC-XYZ-001,0086,001,DIZZINESS,3,2025-10-11
ADC-XYZ-001,0086,001,DIARRHOEA,3,2025-12-14
ADC-XYZ-001,0087,005,NAUSEA,1,2025-03-11
ADC-XYZ-001,0087,005,HEADACHE,2,2025-04-10
ADC-XYZ-001,0088,005,HEADACHE,2,2025-11-26
ADC-XYZ-001,0088,005,DIARRHOEA,2,2025-12-04
ADC-XYZ-001,0088,005,DIARRHOEA,3,2025-12-08
ADC-XYZ-001,0088,005,DIZZINESS,1,2025-12-04
ADC-XYZ-001,0088,005,DIZZINESS,1,2025-10-13
ADC-XYZ-001,0089,005,NAUSEA,2,2025-05-06
ADC-XYZ-001,0089,005,FATIGUE,1,2025-03-28
ADC-XYZ-001,0089,005,HEADACHE,1,2025-05-01
ADC-XYZ-001,0090,003,NAUSEA,1,2025-06-12
ADC-XYZ-001,0092,004,HEADACHE,4,2025-09-05
ADC-XYZ-001,0092,004,NAUSEA,2,2025-09-03
ADC-XYZ-001,0092,004,HEADACHE,1,2025-09-05
ADC-XYZ-001,0092,004,HEADACHE,2,2025-07-17
ADC-XYZ-001,0093,001,DIARRHOEA,4,2025-03-13
ADC-XYZ-001,0093,001,DIZZINESS,2,2025-02-25
ADC-XYZ-001,0094,002,HEADACHE,1,2025-11-13
ADC-XYZ-001,0094,002,FATIGUE,1,2025-10-27
ADC-XYZ-001,0095,004,NAUSEA,3,2025-10-25
ADC-XYZ-001,0095,004,DIARRHOEA,2,2025-10-13
ADC-XYZ-001,0096,003,FATIGUE,1,2025-02-10
ADC-XYZ-001,0096,003,RASH,4,2025-02-25
ADC-XYZ-001,0096,003,RASH,1,2025-02-20
ADC-XYZ-001,0098,001,FATIGUE,1,2025-06-12
ADC-XYZ-001,0098,001,HEADACHE,4,2025-05-21
ADC-XYZ-001,0099,002,RASH,3,2025-06-12
ADC-XYZ-001,0099,002,NAUSEA,4,2025-05-27
ADC-XYZ-001,0099,002,HEADACHE,2,2025-06-25
ADC-XYZ-001,0100,003,NAUSEA,3,2025-10-23
ADC-XYZ-001,0102,002,DIARRHOEA,5,2025-04-22
ADC-XYZ-001,0102,002,DIARRHOEA,2,2025-04-08
ADC-XYZ-001,0102,002,RASH,1,2025-06-05
ADC-XYZ-001,0102,002,DIZZINESS,2,2025-05-13
ADC-XYZ-001,0102,002,FATIGUE,3,2025-04-18
ADC-XYZ-001,0102,002,FATIGUE,1,2025-06-03
ADC-XYZ-001,0103,001,DIZZINESS,1,2025-09-25
ADC-XYZ-001,0103,001,HEADACHE,1,2025-07-04
ADC-XYZ-001,0103,001,HEADACHE,3,2025-08-09
ADC-XYZ-001,0104,001,NAUSEA,1,2025-06-19
ADC-XYZ-001,0104,001,HEADACHE,3,2025-06-24
ADC-XYZ-001,0106,004,RASH,2,2025-01-25
ADC-XYZ-001,0106,004,DIARRHOEA,1,2025-01-06
ADC-XYZ-001,0106,004,HEADACHE,2,2025-02-26
ADC-XYZ-001,0107,001,FATIGUE,1,2025-04-22
ADC-XYZ-001,0108,005,FATIGUE,2,2025-07-03
ADC-XYZ-001,0108,005,FATIGUE,3,2025-07-05
ADC-XYZ-001,0108,005,DIARRHOEA,1,2025-06-16
ADC-XYZ-001,0109,005,RASH,1,2025-02-20
ADC-XYZ-001,0109,005,DIARRHOEA,1,2025-03-11
ADC-XYZ-001,0109,005,HEADACHE,5,2025-03-19
ADC-XYZ-001,0111,001,HEADACHE,2,2025-05-11
ADC-XYZ-001,0111,001,RASH,5,2025-05-25
ADC-XYZ-001,0111,001,NAUSEA,4,2025-03-02
ADC-XYZ-001,0111,001,FATIGUE,2,2025-04-27
ADC-XYZ-001,0111,001,NAUSEA,3,2025-03-09
ADC-XYZ-001,0111,001,NAUSEA,5,2025-02-22
ADC-XYZ-001,0112,005,NAUSEA,1,2025-09-18
ADC-XYZ-001,0113,005,DIZZINESS,2,2025-10-29
ADC-XYZ-001,0113,005,DIZZINESS,2,2025-09-25
ADC-XYZ-001,0114,005,HEADACHE,1,2025-05-02
ADC-XYZ-001,0115,005,DIARRHOEA,1,2025-11-05
ADC-XYZ-001,0117,001,DIZZINESS,3,2025-06-18
ADC-XYZ-001,0117,001,DIZZINESS,1,2025-07-23
ADC-XYZ-001,0118,002,HEADACHE,1,2025-09-21
ADC-XYZ-001,0118,002,DIZZINESS,3,2025-09-18
ADC-XYZ-001,0119,002,FATIGUE,3,2025-09-27
ADC-XYZ-001,0119,002,DIZZINESS,3,2025-10-07
ADC-XYZ-001,0120,001,DIARRHOEA,1,2025-07-28
ADC-XYZ-001,0120,001,RASH,1,2025-08-28
ADC-XYZ-001,0122,004,FATIGUE,2,2025-10-05
ADC-XYZ-001,0123,003,FATIGUE,1,2025-01-15
ADC-XYZ-001,0123,003,RASH,1,2025-02-13
ADC-XYZ-001,0124,001,DIARRHOEA,2,2025-08-01
ADC-XYZ-001,0125,001,NAUSEA,1,2025-08-17
ADC-XYZ-001,0126,001,RASH,3,2025-05-19
ADC-XYZ-001,0126,001,RASH,2,2025-05-28
ADC-XYZ-001,0126,001,NAUSEA,1,2025-06-03
ADC-XYZ-001,0126,001,FATIGUE,1,2025-05-30
ADC-XYZ-001,0129,005,DIARRHOEA,1,2025-08-15
ADC-XYZ-001,0129,005,HEADACHE,2,2025-08-07
ADC-XYZ-001,0129,005,RASH,3,2025-09-02
ADC-XYZ-001,0130,004,RASH,5,2025-07-21
ADC-XYZ-001,0131,002,FATIGUE,2,2025-11-27
ADC-XYZ-001,0131,002,DIARRHOEA,3,2025-11-24
ADC-XYZ-001,0132,003,HEADACHE,2,2025-02-28
ADC-XYZ-001,0133,004,FATIGUE,1,2025-02-17
ADC-XYZ-001,0133,004,DIARRHOEA,2,2025-02-16
ADC-XYZ-001,0133,004,FATIGUE,1,2025-03-23
ADC-XYZ-001,0133,004,DIZZINESS,5,2025-02-05
ADC-XYZ-001,0134,003,HEADACHE,1,2025-03-22
ADC-XYZ-001,0134,003,FATIGUE,1,2025-04-15
ADC-XYZ-001,0134,003,RASH,2,2025-04-23
ADC-XYZ-001,0134,003,RASH,1,2025-03-11
ADC-XYZ-001,0134,003,HEADACHE,2,2025-02-16
ADC-XYZ-001,0134,003,DIARRHOEA,3,2025-03-03
ADC-XYZ-001,0136,003,HEADACHE,4,2025-05-09
ADC-XYZ-001,0136,003,HEADACHE,3,2025-04-26
ADC-XYZ-001,0136,003,NAUSEA,3,2025-05-29
ADC-XYZ-001,0137,003,DIARRHOEA,1,2025-04-17
ADC-XYZ-001,0138,002,FATIGUE,1,2025-07-29
ADC-XYZ-001,0138,002,FATIGUE,2,2025-07-06
ADC-XYZ-001,0139,003,NAUSEA,3,2025-04-21
ADC-XYZ-001,0139,003,NAUSEA,1,2025-04-22
ADC-XYZ-001,0140,004,HEADACHE,1,2025-06-23
ADC-XYZ-001,0141,001,FATIGUE,1,2025-02-11
ADC-XYZ-001,0141,001,RASH,1,2025-02-09
ADC-XYZ-001,0141,001,RASH,1,2025-02-15
ADC-XYZ-001,0141,001,DIZZINESS,3,2025-02-18
ADC-XYZ-001,0142,002,FATIGUE,4,2025-04-24
ADC-XYZ-001,0142,002,HEADACHE,2,2025-05-01
ADC-XYZ-001,0144,002,NAUSEA,2,2025-06-20
ADC-XYZ-001,0144,002,DIARRHOEA,3,2025-07-19
ADC-XYZ-001,0145,002,RASH,1,2025-04-25
ADC-XYZ-001,0145,002,HEADACHE,3,2025-05-07
ADC-XYZ-001,0145,002,DIARRHOEA,3,2025-03-20
ADC-XYZ-001,0145,002,FATIGUE,3,2025-03-15
ADC-XYZ-001,0145,002,DIZZINESS,2,2025-03-30
ADC-XYZ-001,0146,001,DIZZINESS,1,2025-07-12
ADC-XYZ-001,0146,001,RASH,3,2025-05-28
ADC-XYZ-001,0146,001,FATIGUE,2,2025-06-13
ADC-XYZ-001,0148,003,FATIGUE,1,2025-11-14
ADC-XYZ-001,0148,003,DIZZINESS,1,2025-11-20
ADC-XYZ-001,0148,003,DIARRHOEA,4,2025-12-05
ADC-XYZ-001,0151,001,NAUSEA,4,2025-09-23
ADC-XYZ-001,0151,001,FATIGUE,3,2025-08-17
ADC-XYZ-001,0151,001,RASH,3,2025-09-13
ADC-XYZ-001,0151,001,DIZZINESS,2,2025-10-08
ADC-XYZ-001,0151,001,DIZZINESS,5,2025-08-06
ADC-XYZ-001,0151,001,DIARRHOEA,1,2025-08-08
ADC-XYZ-001,0153,002,NAUSEA,5,2025-04-11
ADC-XYZ-001,0153,002,NAUSEA,1,2025-05-27
ADC-XYZ-001,0153,002,DIARRHOEA,2,2025-05-23
ADC-XYZ-001,0154,005,FATIGUE,1,2025-06-06
ADC-XYZ-001,0154,005,DIARRHOEA,4,2025-06-28
ADC-XYZ-001,0154,005,FATIGUE,1,2025-03-24
ADC-XYZ-001,0154,005,HEADACHE,1,2025-06-30
ADC-XYZ-001,0154,005,HEADACHE,1,2025-04-05
ADC-XYZ-001,0155,001,NAUSEA,2,2025-07-19
ADC-XYZ-001,0155,001,HEADACHE,1,2025-04-25
ADC-XYZ-001,0155,001,RASH,2,2025-05-15
ADC-XYZ-001,0156,002,DIARRHOEA,1,2025-11-12
ADC-XYZ-001,0156,002,RASH,3,2025-12-14
ADC-XYZ-001,0157,001,FATIGUE,4,2025-04-24
ADC-XYZ-001,0157,001,NAUSEA,3,2025-04-22
ADC-XYZ-001,0157,001,HEADACHE,2,2025-05-01
ADC-XYZ-001,0158,004,FATIGUE,1,2025-04-26
ADC-XYZ-001,0158,004,NAUSEA,2,2025-02-18
ADC-XYZ-001,0162,003,FATIGUE,3,2025-10-16
ADC-XYZ-001,0162,003,DIARRHOEA,3,2025-10-03
ADC-XYZ-001,0162,003,DIARRHOEA,3,2025-09-17
ADC-XYZ-001,0162,003,DIARRHOEA,1,2025-10-01
ADC-XYZ-001,0163,001,FATIGUE,1,2025-09-22
ADC-XYZ-001,0163,001,RASH,2,2025-10-06
ADC-XYZ-001,0165,001,FATIGUE,4,2025-09-01
ADC-XYZ-001,0165,001,HEADACHE,1,2025-08-31
ADC-XYZ-001,0166,003,HEADACHE,4,2026-01-10
ADC-XYZ-001,0166,003,DIZZINESS,2,2025-12-09
ADC-XYZ-001,0166,003,FATIGUE,3,2026-01-20
ADC-XYZ-001,0167,005,RASH,3,2025-05-04
ADC-XYZ-001,0169,002,NAUSEA,1,2025-07-21
ADC-XYZ-001,0170,004,NAUSEA,2,2025-03-15
ADC-XYZ-001,0170,004,HEADACHE,3,2025-03-27
ADC-XYZ-001,0170,004,DIARRHOEA,1,2025-03-24
ADC-XYZ-001,0171,001,RASH,1,2025-03-25
ADC-XYZ-001,0171,001,HEADACHE,1,2025-03-18
ADC-XYZ-001,0171,001,RASH,3,2025-04-05
ADC-XYZ-001,0171,001,RASH,3,2025-03-08
ADC-XYZ-001,0171,001,HEADACHE,3,2025-04-29
ADC-XYZ-001,0171,001,DIARRHOEA,1,2025-04-23
ADC-XYZ-001,0172,003,DIARRHOEA,1,2025-05-10
ADC-XYZ-001,0172,003,HEADACHE,1,2025-05-13
ADC-XYZ-001,0172,003,FATIGUE,3,2025-05-04
ADC-XYZ-001,0172,003,HEADACHE,1,2025-05-14
ADC-XYZ-001,0173,001,FATIGUE,5,2025-03-02
ADC-XYZ-001,0174,003,NAUSEA,2,2025-10-06
ADC-XYZ-001,0174,003,DIZZINESS,1,2025-11-05
ADC-XYZ-001,0175,004,DIZZINESS,1,2025-08-16
ADC-XYZ-001,0175,004,FATIGUE,1,2025-08-21
ADC-XYZ-001,0175,004,HEADACHE,5,2025-10-04
ADC-XYZ-001,0175,004,FATIGUE,2,2025-08-15
ADC-XYZ-001,0175,004,HEADACHE,4,2025-08-20
ADC-XYZ-001,0176,004,DIZZINESS,2,2025-04-05
ADC-XYZ-001,0178,004,FATIGUE,1,2025-12-14
ADC-XYZ-001,0179,005,RASH,2,2025-05-26
ADC-XYZ-001,0179,005,DIZZINESS,1,2025-05-31
ADC-XYZ-001,0180,003,HEADACHE,1,2025-10-08
ADC-XYZ-001,0180,003,DIARRHOEA,2,2025-10-13
ADC-XYZ-001,0180,003,HEADACHE,1,2025-10-07
ADC-XYZ-001,0181,003,FATIGUE,2,2025-09-17
ADC-XYZ-001,0181,003,NAUSEA,1,2025-09-16
ADC-XYZ-001,0181,003,HEADACHE,1,2025-11-02
ADC-XYZ-001,0181,003,RASH,2,2025-10-08
ADC-XYZ-001,0182,003,NAUSEA,3,2025-01-31
ADC-XYZ-001,0184,003,FATIGUE,5,2025-02-09
ADC-XYZ-001,0184,003,DIZZINESS,1,2025-02-16
ADC-XYZ-001,0184,003,DIARRHOEA,1,2025-01-18
ADC-XYZ-001,0184,003,DIARRHOEA,5,2025-01-24
ADC-XYZ-001,0187,005,NAUSEA,3,2025-09-29
ADC-XYZ-001,0188,002,FATIGUE,2,2025-05-13
ADC-XYZ-001,0189,005,RASH,1,2025-05-09
ADC-XYZ-001,0189,005,NAUSEA,1,2025-04-06
ADC-XYZ-001,0189,005,HEADACHE,2,2025-07-21
ADC-XYZ-001,0191,004,DIARRHOEA,2,2025-07-28
ADC-XYZ-001,0192,001,DIARRHOEA,4,2025-08-31
ADC-XYZ-001,0192,001,DIARRHOEA,4,2025-08-25
ADC-XYZ-001,0192,001,RASH,1,2025-09-11
ADC-XYZ-001,0192,001,FATIGUE,3,2025-10-02
ADC-XYZ-001,0193,002,DIZZINESS,3,2025-08-19
ADC-XYZ-001,0194,002,NAUSEA,2,2025-05-07
ADC-XYZ-001,0194,002,RASH,1,2025-05-14
ADC-XYZ-001,0194,002,DIZZINESS,1,2025-05-28
ADC-XYZ-001,0194,002,DIARRHOEA,3,2025-05-09
ADC-XYZ-001,0196,003,FATIGUE,2,2025-08-28
ADC-XYZ-001,0196,003,RASH,1,2025-09-04
ADC-XYZ-001,0197,002,HEADACHE,4,2025-06-02
ADC-XYZ-001,0197,002,DIARRHOEA,4,2025-06-16
ADC-XYZ-001,0198,001,FATIGUE,3,2025-08-13
ADC-XYZ-001,0198,001,DIZZINESS,1,2025-08-23
ADC-XYZ-001,0198,001,FATIGUE,5,2025-08-19
ADC-XYZ-001,0198,001,FATIGUE,2,2025-08-18
ADC-XYZ-001,0198,001,DIARRHOEA,2,2025-09-23
ADC-XYZ-001,0199,005,DIARRHOEA,2,2025-06-25
ADC-XYZ-001,0199,005,RASH,2,2025-06-30
ADC-XYZ-001,0200,005,HEADACHE,2,2025-02-24
ADC-XYZ-001,0200,005,HEADACHE,2,2025-02-19
ADC-XYZ-001,0202,004,NAUSEA,2,2025-11-04
ADC-XYZ-001,0202,004,NAUSEA,2,2025-10-29
ADC-XYZ-001,0203,002,DIARRHOEA,3,2025-08-15
ADC-XYZ-001,0204,005,DIZZINESS,1,2025-03-23
ADC-XYZ-001,0204,005,NAUSEA,1,2025-06-01
ADC-XYZ-001,0204,005,FATIGUE,2,2025-05-28
ADC-XYZ-001,0205,004,DIARRHOEA,1,2025-04-23
ADC-XYZ-001,0205,004,DIZZINESS,1,2025-06-10
ADC-XYZ-001,0205,004,RASH,1,2025-04-29
ADC-XYZ-001,0205,004,HEADACHE,2,2025-04-25
ADC-XYZ-001,0205,004,FATIGUE,1,2025-03-28
ADC-XYZ-001,0205,004,NAUSEA,1,2025-06-11
ADC-XYZ-001,0206,003,RASH,1,2025-08-07
ADC-XYZ-001,0207,001,NAUSEA,1,2025-06-11
ADC-XYZ-001,0207,001,FATIGUE,2,2025-07-23
ADC-XYZ-001,0207,001,RASH,1,2025-07-16
ADC-XYZ-001,0207,001,RASH,3,2025-07-16
ADC-XYZ-001,0207,001,DIZZINESS,1,2025-06-14
ADC-XYZ-001,0208,004,NAUSEA,2,2025-08-23
ADC-XYZ-001,0208,004,DIZZINESS,2,2025-08-19
ADC-XYZ-001,0209,002,FATIGUE,1,2025-03-11
ADC-XYZ-001,0210,002,DIARRHOEA,2,2025-11-01
ADC-XYZ-001,0210,002,RASH,1,2025-11-16
ADC-XYZ-001,0210,002,RASH,2,2025-10-28
ADC-XYZ-001,0210,002,DIZZINESS,1,2025-10-29
ADC-XYZ-001,0210,002,FATIGUE,1,2025-11-03
ADC-XYZ-001,0211,005,DIARRHOEA,1,2025-06-19
ADC-XYZ-001,0211,005,RASH,1,2025-08-06
ADC-XYZ-001,0211,005,RASH,1,2025-06-12
ADC-XYZ-001,0211,005,DIARRHOEA,2,2025-06-21
ADC-XYZ-001,0212,004,NAUSEA,4,2025-08-17
ADC-XYZ-001,0212,004,DIZZINESS,1,2025-09-25
ADC-XYZ-001,0212,004,NAUSEA,1,2025-08-16
ADC-XYZ-001,0212,004,NAUSEA,3,2025-08-05
ADC-XYZ-001,0213,001,HEADACHE,4,2025-10-22
ADC-XYZ-001,0215,002,DIZZINESS,3,2025-10-08
ADC-XYZ-001,0215,002,RASH,1,2025-11-05
ADC-XYZ-001,0215,002,HEADACHE,1,2025-10-03
ADC-XYZ-001,0215,002,DIARRHOEA,5,2025-10-14
ADC-XYZ-001,0215,002,DIZZINESS,2,2025-11-09
ADC-XYZ-001,0216,001,DIZZINESS,1,2025-05-10
ADC-XYZ-001,0216,001,DIARRHOEA,4,2025-06-30
ADC-XYZ-001,0216,001,RASH,2,2025-06-18
ADC-XYZ-001,0217,001,RASH,1,2025-12-02
ADC-XYZ-001,0217,001,RASH,1,2025-12-05
ADC-XYZ-001,0218,004,DIZZINESS,2,2025-04-13
ADC-XYZ-001,0219,003,FATIGUE,2,2025-08-07
ADC-XYZ-001,0219,003,DIARRHOEA,1,2025-08-05
ADC-XYZ-001,0219,003,HEADACHE,2,2025-06-21
ADC-XYZ-001,0219,003,DIZZINESS,1,2025-06-15
ADC-XYZ-001,0219,003,HEADACHE,3,2025-07-02
ADC-XYZ-001,0220,004,DIARRHOEA,3,2025-09-08
ADC-XYZ-001,0220,004,FATIGUE,2,2025-09-24
ADC-XYZ-001,0220,004,RASH,4,2025-09-25
ADC-XYZ-001,0220,004,RASH,4,2025-09-02
ADC-XYZ-001,0221,004,HEADACHE,2,2025-10-31
ADC-XYZ-001,0222,005,DIZZINESS,1,2025-04-28
ADC-XYZ-001,0222,005,NAUSEA,1,2025-04-12
ADC-XYZ-001,0222,005,FATIGUE,2,2025-04-13
ADC-XYZ-001,0223,002,NAUSEA,1,2025-02-09
ADC-XYZ-001,0223,002,FATIGUE,1,2025-02-11
ADC-XYZ-001,0223,002,DIZZINESS,1,2025-03-31
ADC-XYZ-001,0225,001,FATIGUE,1,2025-09-21
ADC-XYZ-001,0225,001,NAUSEA,1,2025-09-28
ADC-XYZ-001,0226,004,NAUSEA,1,2025-06-13
ADC-XYZ-001,0226,004,DIARRHOEA,1,2025-05-30
ADC-XYZ-001,0226,004,RASH,2,2025-05-19
ADC-XYZ-001,0227,005,HEADACHE,1,2025-07-14
ADC-XYZ-001,0228,004,HEADACHE,3,2025-03-08
ADC-XYZ-001,0228,004,RASH,1,2025-02-03
ADC-XYZ-001,0228,004,HEADACHE,2,2025-03-27
ADC-XYZ-001,0228,004,HEADACHE,1,2025-03-14
ADC-XYZ-001,0228,004,DIZZINESS,2,2025-01-16
ADC-XYZ-001,0228,004,NAUSEA,1,2025-01-22
ADC-XYZ-001,0229,005,DIZZINESS,1,2025-11-19
ADC-XYZ-001,0230,003,DIZZINESS,3,2025-05-08
ADC-XYZ-001,0230,003,HEADACHE,3,2025-06-16
ADC-XYZ-001,0230,003,DIZZINESS,3,2025-05-21
ADC-XYZ-001,0231,004,NAUSEA,3,2025-03-28
ADC-XYZ-001,0231,004,RASH,2,2025-04-06
ADC-XYZ-001,0232,004,NAUSEA,2,2026-01-06
ADC-XYZ-001,0233,003,NAUSEA,4,2025-09-20
ADC-XYZ-001,0233,003,DIZZINESS,1,2025-09-14
ADC-XYZ-001,0233,003,HEADACHE,1,2025-08-24
ADC-XYZ-001,0233,003,HEADACHE,2,2025-09-13
ADC-XYZ-001,0234,004,DIZZINESS,1,2025-06-29
ADC-XYZ-001,0235,004,FATIGUE,1,2025-06-03
ADC-XYZ-001,0235,004,NAUSEA,3,2025-05-06
ADC-XYZ-001,0235,004,DIARRHOEA,4,2025-05-27
ADC-XYZ-001,0235,004,NAUSEA,4,2025-05-17
ADC-XYZ-001,0235,004,DIARRHOEA,3,2025-05-01
ADC-XYZ-001,0237,004,RASH,3,2025-08-28
ADC-XYZ-001,0237,004,RASH,2,2025-09-14
ADC-XYZ-001,0237,004,DIZZINESS,4,2025-08-12
ADC-XYZ-001,0237,004,NAUSEA,4,2025-09-02
ADC-XYZ-001,0238,004,HEADACHE,3,2025-11-05
ADC-XYZ-001,0238,004,NAUSEA,2,2025-09-23
ADC-XYZ-001,0239,003,RASH,1,2025-07-14
ADC-XYZ-001,0240,002,HEADACHE,1,2025-09-28
ADC-XYZ-001,0240,002,DIZZINESS,2,2025-06-27
ADC-XYZ-001,0240,002,HEADACHE,2,2025-08-11
ADC-XYZ-001,0240,002,DIARRHOEA,1,2025-08-26
ADC-XYZ-001,0242,004,DIARRHOEA,2,2025-03-05
ADC-XYZ-001,0242,004,NAUSEA,2,2025-03-20
ADC-XYZ-001,0242,004,HEADACHE,3,2025-02-22
ADC-XYZ-001,0243,001,FATIGUE,3,2025-07-06
ADC-XYZ-001,0243,001,DIZZINESS,2,2025-03-24
ADC-XYZ-001,0244,002,DIZZINESS,4,2025-02-18
ADC-XYZ-001,0245,004,RASH,1,2025-04-16
ADC-XYZ-001,0245,004,HEADACHE,1,2025-06-04
ADC-XYZ-001,0246,004,FATIGUE,1,2025-04-24
ADC-XYZ-001,0246,004,NAUSEA,4,2025-05-01
ADC-XYZ-001,0247,005,HEADACHE,1,2025-01-31
ADC-XYZ-001,0247,005,DIZZINESS,1,2025-01-16
ADC-XYZ-001,0248,005,DIZZINESS,1,2025-07-06
ADC-XYZ-001,0248,005,DIARRHOEA,2,2025-08-26
ADC-XYZ-001,0248,005,RASH,1,2025-08-24
ADC-XYZ-001,0248,005,HEADACHE,1,2025-09-06
ADC-XYZ-001,0249,004,HEADACHE,5,2025-08-12
ADC-XYZ-001,0249,004,NAUSEA,4,2025-08-26
ADC-XYZ-001,0249,004,RASH,1,2025-09-13
ADC-XYZ-001,0250,005,RASH,2,2025-07-26
ADC-XYZ-001,0250,005,NAUSEA,1,2025-08-05
ADC-XYZ-001,0250,005,DIZZINESS,4,2025-08-03
ADC-XYZ-001,0250,005,HEADACHE,3,2025-06-21
ADC-XYZ-001,0251,005,HEADACHE,3,2025-02-04
ADC-XYZ-001,0251,005,HEADACHE,2,2025-01-11
ADC-XYZ-001,0251,005,DIARRHOEA,2,2025-02-23
ADC-XYZ-001,0251,005,RASH,1,2025-02-17
ADC-XYZ-001,0251,005,FATIGUE,2,2025-03-21
ADC-XYZ-001,0252,001,DIARRHOEA,1,2025-05-08
ADC-XYZ-001,0253,001,FATIGUE,3,2025-10-01
ADC-XYZ-001,0255,003,FATIGUE,2,2025-08-01
ADC-XYZ-001,0255,003,DIARRHOEA,3,2025-07-07
ADC-XYZ-001,0255,003,HEADACHE,2,2025-07-14
ADC-XYZ-001,0255,003,RASH,1,2025-09-24
ADC-XYZ-001,0255,003,NAUSEA,1,2025-07-16
ADC-XYZ-001,0256,005,DIARRHOEA,3,2025-06-22
ADC-XYZ-001,0257,005,RASH,2,2025-10-01
ADC-XYZ-001,0257,005,HEADACHE,2,2025-09-08
ADC-XYZ-001,0257,005,RASH,1,2025-09-19
ADC-XYZ-001,0257,005,FATIGUE,1,2025-10-04
ADC-XYZ-001,0257,005,DIARRHOEA,4,2025-09-26
ADC-XYZ-001,0260,001,FATIGUE,2,2025-09-11
ADC-XYZ-001,0260,001,RASH,1,2025-09-20
ADC-XYZ-001,0260,001,NAUSEA,3,2025-09-24
ADC-XYZ-001,0260,001,DIARRHOEA,2,2025-11-05
ADC-XYZ-001,0260,001,FATIGUE,3,2025-10-26
ADC-XYZ-001,0262,003,RASH,2,2025-01-30
ADC-XYZ-001,0266,003,NAUSEA,2,2025-10-13
ADC-XYZ-001,0266,003,HEADACHE,3,2025-10-17
ADC-XYZ-001,0266,003,HEADACHE,3,2025-10-23
ADC-XYZ-001,0266,003,FATIGUE,1,2025-09-12
ADC-XYZ-001,0266,003,RASH,1,2025-09-30
ADC-XYZ-001,0267,004,HEADACHE,1,2025-05-16
ADC-XYZ-001,0267,004,NAUSEA,1,2025-04-12
ADC-XYZ-001,0268,005,HEADACHE,2,2025-06-08
ADC-XYZ-001,0268,005,HEADACHE,2,2025-05-21
ADC-XYZ-001,0268,005,DIZZINESS,1,2025-05-07
ADC-XYZ-001,0269,004,DIZZINESS,2,2025-03-22
ADC-XYZ-001,0269,004,DIARRHOEA,1,2025-04-02
ADC-XYZ-001,0269,004,HEADACHE,3,2025-03-02
ADC-XYZ-001,0270,001,NAUSEA,1,2025-10-04
ADC-XYZ-001,0270,001,DIZZINESS,3,2025-10-16
ADC-XYZ-001,0270,001,DIARRHOEA,4,2025-09-20
ADC-XYZ-001,0270,001,HEADACHE,2,2025-09-02
ADC-XYZ-001,0270,001,FATIGUE,1,2025-10-14
ADC-XYZ-001,0271,001,DIZZINESS,2,2025-09-08
ADC-XYZ-001,0272,001,FATIGUE,1,2025-05-29
ADC-XYZ-001,0273,005,DIARRHOEA,5,2025-02-26
ADC-XYZ-001,0273,005,RASH,3,2025-03-21
ADC-XYZ-001,0274,003,DIZZINESS,1,2025-06-11
ADC-XYZ-001,0274,003,DIZZINESS,1,2025-07-24
ADC-XYZ-001,0274,003,HEADACHE,2,2025-05-29
ADC-XYZ-001,0274,003,RASH,1,2025-07-06
ADC-XYZ-001,0276,002,DIZZINESS,2,2025-02-04
ADC-XYZ-001,0278,004,DIARRHOEA,3,2025-02-02
ADC-XYZ-001,0278,004,NAUSEA,1,2025-01-14
ADC-XYZ-001,0278,004,DIZZINESS,4,2025-01-18
ADC-XYZ-001,0278,004,HEADACHE,1,2025-01-21
ADC-XYZ-001,0280,004,HEADACHE,2,2025-07-05
ADC-XYZ-001,0280,004,DIZZINESS,1,2025-06-17
ADC-XYZ-001,0280,004,DIZZINESS,1,2025-05-31
ADC-XYZ-001,0281,001,NAUSEA,1,2025-08-14
ADC-XYZ-001,0281,001,FATIGUE,3,2025-08-07
ADC-XYZ-001,0281,001,DIARRHOEA,3,2025-08-15
ADC-XYZ-001,0281,001,RASH,2,2025-08-18
ADC-XYZ-001,0282,003,DIZZINESS,3,2025-08-11
ADC-XYZ-001,0282,003,NAUSEA,1,2025-08-19
ADC-XYZ-001,0282,003,NAUSEA,2,2025-09-06
ADC-XYZ-001,0282,003,HEADACHE,2,2025-08-11
ADC-XYZ-001,0282,003,DIARRHOEA,1,2025-08-13
ADC-XYZ-001,0283,002,DIZZINESS,2,2025-07-04
ADC-XYZ-001,0284,005,HEADACHE,1,2025-09-02
ADC-XYZ-001,0284,005,DIARRHOEA,1,2025-10-14
ADC-XYZ-001,0284,005,NAUSEA,1,2025-09-21
ADC-XYZ-001,0284,005,HEADACHE,3,2025-09-09
ADC-XYZ-001,0286,001,NAUSEA,1,2025-10-14
ADC-XYZ-001,0287,004,RASH,1,2025-07-09
ADC-XYZ-001,0288,001,FATIGUE,1,2025-03-08
ADC-XYZ-001,0291,003,DIZZINESS,4,2025-03-25
ADC-XYZ-001,0293,003,DIZZINESS,3,2025-11-28
ADC-XYZ-001,0293,003,RASH,3,2025-11-05
ADC-XYZ-001,0293,003,DIARRHOEA,1,2025-12-04
ADC-XYZ-001,0293,003,RASH,2,2025-10-26
ADC-XYZ-001,0293,003,HEADACHE,2,2025-11-13
ADC-XYZ-001,0294,005,RASH,2,2025-08-10
ADC-XYZ-001,0296,005,RASH,4,2025-04-27
ADC-XYZ-001,0296,005,RASH,1,2025-06-19
ADC-XYZ-001,0296,005,DIZZINESS,1,2025-05-31
ADC-XYZ-001,0297,004,DIZZINESS,1,2025-11-05
ADC-XYZ-001,0297,004,DIARRHOEA,3,2025-10-23
ADC-XYZ-001,0297,004,HEADACHE,2,2025-10-28
ADC-XYZ-001,0299,005,DIARRHOEA,3,2025-10-26
ADC-XYZ-001,0300,003,RASH,1,2025-05-25
ADC-XYZ-001,0301,003,HEADACHE,3,2025-08-19
ADC-XYZ-001,0303,001,RASH,2,2025-05-07
ADC-XYZ-001,0304,005,DIARRHOEA,1,2025-03-10
ADC-XYZ-001,0304,005,HEADACHE,1,2025-04-12
ADC-XYZ-001,0304,005,HEADACHE,1,2025-03-08
ADC-XYZ-001,0304,005,NAUSEA,3,2025-03-22
ADC-XYZ-001,0304,005,RASH,1,2025-03-10
ADC-XYZ-001,0305,005,HEADACHE,1,2025-02-12
ADC-XYZ-001,0306,001,DIARRHOEA,2,2025-01-28
ADC-XYZ-001,0308,003,DIZZINESS,2,2025-10-12
ADC-XYZ-001,0310,003,NAUSEA,3,2025-04-02
ADC-XYZ-001,0310,003,RASH,3,2025-03-26
ADC-XYZ-001,0310,003,HEADACHE,4,2025-05-06
ADC-XYZ-001,0310,003,HEADACHE,2,2025-03-23
ADC-XYZ-001,0310,003,FATIGUE,2,2025-05-12
ADC-XYZ-001,0312,005,FATIGUE,3,2025-10-03
ADC-XYZ-001,0312,005,NAUSEA,1,2025-10-12
ADC-XYZ-001,0312,005,NAUSEA,3,2025-11-13
ADC-XYZ-001,0312,005,RASH,1,2025-10-16
ADC-XYZ-001,0313,005,NAUSEA,1,2025-04-16
ADC-XYZ-001,0313,005,DIZZINESS,1,2025-03-30
ADC-XYZ-001,0313,005,DIARRHOEA,3,2025-03-27
ADC-XYZ-001,0314,003,FATIGUE,3,2025-04-27
ADC-XYZ-001,0316,005,RASH,2,2025-05-31
ADC-XYZ-001,0316,005,DIARRHOEA,2,2025-07-12
ADC-XYZ-001,0316,005,DIARRHOEA,2,2025-07-16
ADC-XYZ-001,0318,002,DIARRHOEA,1,2025-11-14
ADC-XYZ-001,0321,004,NAUSEA,1,2025-02-20
ADC-XYZ-001,0321,004,HEADACHE,1,2025-03-31
ADC-XYZ-001,0324,004,HEADACHE,1,2025-06-01
ADC-XYZ-001,0324,004,DIZZINESS,2,2025-06-07
ADC-XYZ-001,0324,004,NAUSEA,4,2025-04-14
ADC-XYZ-001,0326,001,DIARRHOEA,1,2025-05-18
ADC-XYZ-001,0326,001,RASH,3,2025-05-03
ADC-XYZ-001,0327,003,FATIGUE,3,2025-09-14
ADC-XYZ-001,0327,003,NAUSEA,5,2025-10-23
ADC-XYZ-001,0327,003,DIARRHOEA,1,2025-10-07
ADC-XYZ-001,0328,002,DIARRHOEA,1,2025-03-22
ADC-XYZ-001,0328,002,RASH,4,2025-04-23
ADC-XYZ-001,0330,004,HEADACHE,1,2025-06-02
ADC-XYZ-001,0330,004,DIZZINESS,2,2025-06-14
ADC-XYZ-001,0330,004,NAUSEA,3,2025-07-07
ADC-XYZ-001,0330,004,FATIGUE,1,2025-05-17
ADC-XYZ-001,0330,004,DIZZINESS,1,2025-04-15
ADC-XYZ-001,0330,004,DIZZINESS,3,2025-04-24
ADC-XYZ-001,0331,004,DIARRHOEA,1,2025-02-07
ADC-XYZ-001,0331,004,FATIGUE,1,2025-02-09
ADC-XYZ-001,0331,004,HEADACHE,1,2025-03-28
ADC-XYZ-001,0332,005,DIARRHOEA,1,2025-07-23
ADC-XYZ-001,0332,005,DIZZINESS,2,2025-09-01
ADC-XYZ-001,0332,005,HEADACHE,4,2025-09-03
ADC-XYZ-001,0332,005,NAUSEA,5,2025-08-14
ADC-XYZ-001,0332,005,FATIGUE,2,2025-08-02
ADC-XYZ-001,0332,005,HEADACHE,2,2025-08-22
ADC-XYZ-001,0333,003,NAUSEA,1,2025-08-30
ADC-XYZ-001,0334,004,FATIGUE,1,2025-05-26
ADC-XYZ-001,0334,004,DIZZINESS,2,2025-07-28
ADC-XYZ-001,0336,001,RASH,1,2025-04-25
ADC-XYZ-001,0337,003,DIARRHOEA,3,2025-10-07
ADC-XYZ-001,0338,003,HEADACHE,5,2025-11-10
ADC-XYZ-001,0338,003,DIZZINESS,3,2025-10-17
ADC-XYZ-001,0338,003,HEADACHE,3,2025-09-23
ADC-XYZ-001,0338,003,DIZZINESS,2,2025-10-11
ADC-XYZ-001,0338,003,HEADACHE,2,2025-09-03
ADC-XYZ-001,0338,003,DIARRHOEA,1,2025-10-28
ADC-XYZ-001,0339,005,DIZZINESS,3,2025-10-26
ADC-XYZ-001,0339,005,RASH,1,2025-12-03
ADC-XYZ-001,0340,004,NAUSEA,2,2025-06-21
ADC-XYZ-001,0341,001,DIARRHOEA,4,2025-09-12
ADC-XYZ-001,0341,001,DIZZINESS,1,2025-09-08
ADC-XYZ-001,0341,001,RASH,3,2025-07-26
ADC-XYZ-001,0341,001,HEADACHE,3,2025-07-14
ADC-XYZ-001,0342,002,FATIGUE,3,2025-08-19
ADC-XYZ-001,0342,002,FATIGUE,1,2025-08-04
ADC-XYZ-001,0345,004,FATIGUE,3,2025-04-28
ADC-XYZ-001,0345,004,DIZZINESS,3,2025-03-26
ADC-XYZ-001,0346,004,HEADACHE,4,2025-08-26
ADC-XYZ-001,0346,004,FATIGUE,1,2025-09-12
ADC-XYZ-001,0347,001,HEADACHE,4,2025-10-17
ADC-XYZ-001,0347,001,HEADACHE,2,2025-10-02
ADC-XYZ-001,0347,001,FATIGUE,4,2025-09-24
ADC-XYZ-001,0348,003,DIZZINESS,1,2025-10-11
ADC-XYZ-001,0348,003,DIARRHOEA,1,2025-10-20
ADC-XYZ-001,0348,003,NAUSEA,1,2025-10-15
ADC-XYZ-001,0348,003,NAUSEA,4,2025-11-11
ADC-XYZ-001,0348,003,DIARRHOEA,1,2025-10-11
ADC-XYZ-001,0350,003,HEADACHE,4,2025-07-06
ADC-XYZ-001,0350,003,DIARRHOEA,1,2025-08-18
ADC-XYZ-001,0350,003,DIZZINESS,2,2025-06-30
ADC-XYZ-001,0351,005,DIZZINESS,3,2025-07-31
ADC-XYZ-001,0351,005,NAUSEA,4,2025-08-15
ADC-XYZ-001,0351,005,DIZZINESS,3,2025-07-30
ADC-XYZ-001,0351,005,FATIGUE,3,2025-08-06
ADC-XYZ-001,0353,003,NAUSEA,1,2025-09-21
ADC-XYZ-001,0353,003,FATIGUE,1,2025-09-16
ADC-XYZ-001,0353,003,HEADACHE,1,2025-09-20
ADC-XYZ-001,0354,001,RASH,2,2025-08-27
ADC-XYZ-001,0354,001,DIZZINESS,1,2025-09-26
ADC-XYZ-001,0354,001,RASH,1,2025-08-12
ADC-XYZ-001,0354,001,RASH,3,2025-08-28
ADC-XYZ-001,0355,003,FATIGUE,2,2025-05-27
ADC-XYZ-001,0355,003,RASH,1,2025-05-18
ADC-XYZ-001,0355,003,DIARRHOEA,3,2025-05-13
ADC-XYZ-001,0356,001,DIARRHOEA,3,2025-10-23
ADC-XYZ-001,0356,001,DIARRHOEA,1,2025-08-27
ADC-XYZ-001,0359,003,DIZZINESS,2,2025-04-20
ADC-XYZ-001,0360,003,NAUSEA,2,2025-07-24
ADC-XYZ-001,0360,003,FATIGUE,1,2025-07-25
ADC-XYZ-001,0360,003,FATIGUE,1,2025-08-06
ADC-XYZ-001,0362,005,DIARRHOEA,1,2025-04-13
ADC-XYZ-001,0362,005,NAUSEA,2,2025-05-15
ADC-XYZ-001,0362,005,RASH,3,2025-07-15
ADC-XYZ-001,0362,005,DIARRHOEA,1,2025-05-08
ADC-XYZ-001,0363,004,HEADACHE,5,2025-09-18
ADC-XYZ-001,0363,004,HEADACHE,1,2025-09-20
ADC-XYZ-001,0364,002,RASH,3,2025-09-29
ADC-XYZ-001,0366,005,HEADACHE,4,2025-10-23
ADC-XYZ-001,0366,005,NAUSEA,3,2025-09-23
ADC-XYZ-001,0367,002,HEADACHE,1,2025-02-24
ADC-XYZ-001,0368,004,DIARRHOEA,4,2025-03-06
ADC-XYZ-001,0368,004,NAUSEA,2,2025-04-22
ADC-XYZ-001,0369,001,RASH,1,2025-04-20
ADC-XYZ-001,0369,001,NAUSEA,2,2025-04-10
ADC-XYZ-001,0369,001,HEADACHE,3,2025-03-28
ADC-XYZ-001,0370,002,FATIGUE,3,2025-08-26
ADC-XYZ-001,0370,002,DIZZINESS,1,2025-06-08
ADC-XYZ-001,0371,005,NAUSEA,3,2025-03-27
ADC-XYZ-001,0372,003,DIZZINESS,2,2025-04-30
ADC-XYZ-001,0373,002,FATIGUE,1,2025-07-02
ADC-XYZ-001,0373,002,FATIGUE,1,2025-06-19
ADC-XYZ-001,0374,002,NAUSEA,4,2025-10-25
ADC-XYZ-001,0376,001,HEADACHE,2,2025-10-14
ADC-XYZ-001,0376,001,DIZZINESS,2,2025-09-19
ADC-XYZ-001,0376,001,RASH,1,2025-10-02
ADC-XYZ-001,0376,001,HEADACHE,1,2025-10-12
ADC-XYZ-001,0376,001,DIZZINESS,1,2025-10-06
ADC-XYZ-001,0377,004,DIZZINESS,1,2025-07-09
ADC-XYZ-001,0377,004,NAUSEA,1,2025-06-06
ADC-XYZ-001,0378,005,DIARRHOEA,1,2025-10-09
ADC-XYZ-001,0378,005,DIZZINESS,1,2025-10-24
ADC-XYZ-001,0378,005,NAUSEA,1,2025-10-05
ADC-XYZ-001,0378,005,FATIGUE,3,2025-11-12
ADC-XYZ-001,0378,005,DIZZINESS,4,2025-11-29
ADC-XYZ-001,0379,003,DIARRHOEA,1,2025-07-31
ADC-XYZ-001,0379,003,RASH,3,2025-08-15
ADC-XYZ-001,0379,003,RASH,1,2025-08-15
ADC-XYZ-001,0379,003,RASH,1,2025-08-14
ADC-XYZ-001,0380,003,RASH,1,2025-05-03
ADC-XYZ-001,0380,003,DIZZINESS,2,2025-05-09
ADC-XYZ-001,0380,003,DIARRHOEA,4,2025-06-07
ADC-XYZ-001,0381,005,RASH,3,2025-11-25
ADC-XYZ-001,0381,005,DIARRHOEA,4,2025-11-07
ADC-XYZ-001,0383,004,RASH,2,2025-07-05
ADC-XYZ-001,0383,004,DIARRHOEA,1,2025-06-26
ADC-XYZ-001,0384,002,DIZZINESS,1,2025-12-07
ADC-XYZ-001,0384,002,NAUSEA,1,2025-11-02
ADC-XYZ-001,0385,002,RASH,1,2025-02-06
ADC-XYZ-001,0385,002,NAUSEA,2,2025-02-08
ADC-XYZ-001,0386,004,HEADACHE,1,2026-01-17
ADC-XYZ-001,0386,004,NAUSEA,2,2025-10-09
ADC-XYZ-001,0386,004,FATIGUE,1,2025-11-16
ADC-XYZ-001,0386,004,DIZZINESS,2,2025-10-31
ADC-XYZ-001,0386,004,NAUSEA,2,2025-11-23
ADC-XYZ-001,0387,005,HEADACHE,1,2025-08-14
ADC-XYZ-001,0387,005,DIARRHOEA,3,2025-09-12
ADC-XYZ-001,0388,001,RASH,5,2025-06-14
ADC-XYZ-001,0389,001,NAUSEA,2,2025-05-28
ADC-XYZ-001,0390,004,DIARRHOEA,3,2025-10-13
ADC-XYZ-001,0390,004,RASH,3,2025-10-10
ADC-XYZ-001,0391,003,HEADACHE,1,2025-05-02
ADC-XYZ-001,0391,003,HEADACHE,1,2025-05-25
ADC-XYZ-001,0391,003,HEADACHE,3,2025-04-12
ADC-XYZ-001,0392,001,RASH,2,2025-12-22
ADC-XYZ-001,0392,001,FATIGUE,1,2025-11-05
ADC-XYZ-001,0393,003,NAUSEA,3,2025-09-23
ADC-XYZ-001,0393,003,FATIGUE,2,2025-11-07
ADC-XYZ-001,0394,003,DIZZINESS,1,2025-12-17
ADC-XYZ-001,0396,001,FATIGUE,1,2025-10-08
ADC-XYZ-001,0396,001,DIARRHOEA,1,2025-06-27
ADC-XYZ-001,0396,001,FATIGUE,2,2025-07-10
ADC-XYZ-001,0396,001,RASH,3,2025-10-01
ADC-XYZ-001,0397,003,RASH,4,2025-04-29
ADC-XYZ-001,0397,003,DIZZINESS,2,2025-06-01
ADC-XYZ-001,0398,001,DIARRHOEA,2,2025-07-27
ADC-XYZ-001,0398,001,DIZZINESS,1,2025-08-27
ADC-XYZ-001,0398,001,FATIGUE,1,2025-06-18
ADC-XYZ-001,0398,001,DIARRHOEA,5,2025-08-28
ADC-XYZ-001,0398,001,NAUSEA,1,2025-07-15
ADC-XYZ-001,0399,005,DIZZINESS,2,2025-11-04
ADC-XYZ-001,0399,005,NAUSEA,2,2025-10-30
ADC-XYZ-001,0400,004,FATIGUE,2,2025-05-30
ADC-XYZ-001,0400,004,HEADACHE,1,2025-05-16
ADC-XYZ-001,0400,004,NAUSEA,3,2025-04-21
ADC-XYZ-001,0401,001,FATIGUE,2,2025-11-09
ADC-XYZ-001,0402,004,RASH,1,2025-09-17
ADC-XYZ-001,0402,004,FATIGUE,2,2025-08-26
ADC-XYZ-001,0403,001,NAUSEA,1,2025-04-01
ADC-XYZ-001,0403,001,NAUSEA,5,2025-06-01
ADC-XYZ-001,0403,001,HEADACHE,5,2025-04-25
ADC-XYZ-001,0404,005,HEADACHE,3,2025-10-05
ADC-XYZ-001,0404,005,DIARRHOEA,2,2025-08-16
ADC-XYZ-001,0405,002,RASH,1,2025-06-01
ADC-XYZ-001,0405,002,HEADACHE,2,2025-06-18
ADC-XYZ-001,0405,002,NAUSEA,2,2025-06-15
ADC-XYZ-001,0405,002,DIZZINESS,2,2025-07-16
ADC-XYZ-001,0405,002,NAUSEA,1,2025-07-21
ADC-XYZ-001,0405,002,NAUSEA,2,2025-07-22
ADC-XYZ-001,0407,005,DIARRHOEA,2,2025-05-09
ADC-XYZ-001,0407,005,DIARRHOEA,2,2025-06-24
ADC-XYZ-001,0409,005,DIZZINESS,3,2025-07-31
ADC-XYZ-001,0411,002,HEADACHE,5,2025-07-02
ADC-XYZ-001,0412,001,FATIGUE,3,2025-09-27
ADC-XYZ-001,0413,005,DIARRHOEA,2,2025-07-30
ADC-XYZ-001,0414,004,DIARRHOEA,5,2025-11-11
ADC-XYZ-001,0414,004,NAUSEA,2,2025-11-08
ADC-XYZ-001,0415,001,DIZZINESS,2,2025-06-21
ADC-XYZ-001,0417,002,DIZZINESS,2,2025-10-30
ADC-XYZ-001,0419,001,DIZZINESS,2,2025-06-29
ADC-XYZ-001,0420,001,NAUSEA,1,2025-09-09
ADC-XYZ-001,0420,001,DIZZINESS,2,2025-09-11
ADC-XYZ-001,0420,001,FATIGUE,1,2025-08-28
ADC-XYZ-001,0421,005,FATIGUE,4,2025-04-12
ADC-XYZ-001,0422,003,NAUSEA,1,2025-07-03
ADC-XYZ-001,0423,002,HEADACHE,1,2025-02-04
ADC-XYZ-001,0424,002,DIZZINESS,1,2025-12-01
ADC-XYZ-001,0424,002,NAUSEA,2,2025-10-08
ADC-XYZ-001,0425,005,NAUSEA,3,2025-05-17
ADC-XYZ-001,0426,003,RASH,1,2025-09-24
ADC-XYZ-001,0427,005,FATIGUE,2,2026-01-02
ADC-XYZ-001,0427,005,DIZZINESS,2,2025-11-10
ADC-XYZ-001,0427,005,DIZZINESS,1,2025-11-19
ADC-XYZ-001,0428,001,NAUSEA,2,2025-10-03
ADC-XYZ-001,0428,001,RASH,1,2025-10-14
ADC-XYZ-001,0428,001,RASH,2,2025-09-30
ADC-XYZ-001,0429,001,DIZZINESS,3,2025-11-24
ADC-XYZ-001,0429,001,DIZZINESS,2,2026-01-11
ADC-XYZ-001,0430,003,HEADACHE,2,2025-08-15
ADC-XYZ-001,0430,003,RASH,3,2025-07-15
ADC-XYZ-001,0430,003,DIARRHOEA,3,2025-08-16
ADC-XYZ-001,0430,003,FATIGUE,1,2025-08-18
ADC-XYZ-001,0431,001,DIZZINESS,2,2025-10-18
ADC-XYZ-001,0432,001,FATIGUE,3,2025-08-22
ADC-XYZ-001,0432,001,RASH,3,2025-09-02
ADC-XYZ-001,0432,001,DIZZINESS,2,2025-08-25
ADC-XYZ-001,0432,001,RASH,3,2025-08-09
ADC-XYZ-001,0432,001,HEADACHE,4,2025-08-17
ADC-XYZ-001,0433,005,RASH,1,2025-09-20
ADC-XYZ-001,0433,005,DIARRHOEA,2,2025-10-23
ADC-XYZ-001,0433,005,RASH,1,2025-12-05
ADC-XYZ-001,0433,005,RASH,1,2025-10-06
ADC-XYZ-001,0433,005,NAUSEA,2,2025-12-06
ADC-XYZ-001,0435,003,RASH,1,2025-04-12
ADC-XYZ-001,0435,003,DIZZINESS,1,2025-04-29
ADC-XYZ-001,0435,003,HEADACHE,3,2025-03-18
ADC-XYZ-001,0435,003,RASH,1,2025-04-10
ADC-XYZ-001,0436,005,NAUSEA,1,2025-05-04
ADC-XYZ-001,0436,005,DIARRHOEA,3,2025-03-10
ADC-XYZ-001,0437,005,DIARRHOEA,1,2025-11-15
ADC-XYZ-001,0437,005,RASH,1,2025-09-26
ADC-XYZ-001,0438,002,RASH,1,2025-05-09
ADC-XYZ-001,0438,002,DIZZINESS,3,2025-07-06
ADC-XYZ-001,0439,005,DIARRHOEA,2,2025-10-08
ADC-XYZ-001,0439,005,RASH,2,2025-09-11
ADC-XYZ-001,0440,001,DIZZINESS,4,2025-10-30
ADC-XYZ-001,0441,005,NAUSEA,1,2025-10-06
ADC-XYZ-001,0441,005,DIZZINESS,2,2025-10-14
ADC-XYZ-001,0441,005,DIARRHOEA,4,2025-10-09
ADC-XYZ-001,0442,003,DIARRHOEA,2,2025-04-19
ADC-XYZ-001,0442,003,FATIGUE,1,2025-04-23
ADC-XYZ-001,0442,003,DIZZINESS,3,2025-05-04
ADC-XYZ-001,0443,004,RASH,1,2025-09-24
ADC-XYZ-001,0443,004,HEADACHE,1,2025-11-17
ADC-XYZ-001,0443,004,DIARRHOEA,2,2025-10-31
ADC-XYZ-001,0445,005,NAUSEA,3,2025-11-25
ADC-XYZ-001,0445,005,DIARRHOEA,1,2025-12-04
ADC-XYZ-001,0445,005,FATIGUE,1,2025-10-16
ADC-XYZ-001,0445,005,DIZZINESS,3,2025-11-14
ADC-XYZ-001,0446,001,HEADACHE,3,2025-04-26
ADC-XYZ-001,0446,001,RASH,2,2025-07-19
ADC-XYZ-001,0446,001,HEADACHE,3,2025-07-17
ADC-XYZ-001,0446,001,DIARRHOEA,1,2025-05-31
ADC-XYZ-001,0446,001,DIZZINESS,1,2025-07-14
ADC-XYZ-001,0446,001,FATIGUE,3,2025-05-15
ADC-XYZ-001,0448,003,DIZZINESS,4,2025-03-05
ADC-XYZ-001,0448,003,RASH,5,2025-03-16
ADC-XYZ-001,0450,003,RASH,3,2025-04-28
ADC-XYZ-001,0452,003,RASH,2,2025-04-10
ADC-XYZ-001,0452,003,HEADACHE,2,2025-01-24
ADC-XYZ-001,0452,003,HEADACHE,5,2025-01-18
ADC-XYZ-001,0453,005,DIZZINESS,1,2025-10-09
ADC-XYZ-001,0453,005,HEADACHE,2,2025-12-08
ADC-XYZ-001,0453,005,DIARRHOEA,2,2025-11-14
ADC-XYZ-001,0454,001,DIZZINESS,4,2025-09-10
ADC-XYZ-001,0455,004,DIZZINESS,3,2025-09-14
ADC-XYZ-001,0456,001,HEADACHE,5,2025-05-08
ADC-XYZ-001,0457,002,FATIGUE,2,2025-09-23
ADC-XYZ-001,0457,002,DIARRHOEA,3,2025-08-30
ADC-XYZ-001,0457,002,DIZZINESS,1,2025-10-08
ADC-XYZ-001,0457,002,NAUSEA,2,2025-09-13
ADC-XYZ-001,0458,002,RASH,1,2025-08-08
ADC-XYZ-001,0459,005,NAUSEA,1,2025-10-31
ADC-XYZ-001,0461,003,FATIGUE,3,2025-01-19
ADC-XYZ-001,0463,001,NAUSEA,1,2025-08-17
ADC-XYZ-001,0463,001,RASH,3,2025-07-13
ADC-XYZ-001,0463,001,HEADACHE,3,2025-07-06
ADC-XYZ-001,0463,001,NAUSEA,3,2025-07-09
ADC-XYZ-001,0463,001,NAUSEA,3,2025-08-07
ADC-XYZ-001,0463,001,DIZZINESS,1,2025-08-01
ADC-XYZ-001,0464,002,HEADACHE,2,2025-05-22
ADC-XYZ-001,0465,003,HEADACHE,3,2025-11-13
ADC-XYZ-001,0465,003,HEADACHE,1,2025-12-24
ADC-XYZ-001,0466,003,HEADACHE,2,2025-09-08
ADC-XYZ-001,0466,003,DIZZINESS,2,2025-09-10
ADC-XYZ-001,0467,003,FATIGUE,1,2025-09-07
ADC-XYZ-001,0468,004,RASH,1,2025-09-11
ADC-XYZ-001,0468,004,NAUSEA,2,2025-11-05
ADC-XYZ-001,0468,004,DIARRHOEA,2,2025-10-14
ADC-XYZ-001,0471,002,DIZZINESS,5,2025-06-23
ADC-XYZ-001,0471,002,NAUSEA,1,2025-05-17
ADC-XYZ-001,0472,001,NAUSEA,3,2025-02-08
ADC-XYZ-001,0473,005,NAUSEA,3,2025-04-11
ADC-XYZ-001,0475,004,NAUSEA,3,2025-11-07
ADC-XYZ-001,0475,004,NAUSEA,1,2025-12-09
ADC-XYZ-001,0475,004,DIZZINESS,3,2025-10-04
ADC-XYZ-001,0476,002,RASH,3,2025-08-10
ADC-XYZ-001,0476,002,HEADACHE,2,2025-08-29
ADC-XYZ-001,0476,002,RASH,1,2025-09-26
ADC-XYZ-001,0476,002,FATIGUE,4,2025-10-27
ADC-XYZ-001,0476,002,DIARRHOEA,1,2025-09-19
ADC-XYZ-001,0476,002,DIARRHOEA,1,2025-10-07
ADC-XYZ-001,0478,001,RASH,3,2025-08-17
ADC-XYZ-001,0479,001,RASH,2,2025-12-14
ADC-XYZ-001,0479,001,HEADACHE,1,2025-12-07
ADC-XYZ-001,0479,001,NAUSEA,2,2025-12-18
ADC-XYZ-001,0479,001,NAUSEA,1,2025-11-15
ADC-XYZ-001,0479,001,HEADACHE,3,2025-12-20
ADC-XYZ-001,0480,005,NAUSEA,1,2025-07-02
ADC-XYZ-001,0481,001,RASH,1,2025-01-30
ADC-XYZ-001,0481,001,DIARRHOEA,5,2025-03-23
ADC-XYZ-001,0482,001,DIZZINESS,1,2025-01-12
ADC-XYZ-001,0482,001,HEADACHE,1,2025-01-10
ADC-XYZ-001,0483,004,NAUSEA,1,2025-09-01
ADC-XYZ-001,0484,003,RASH,3,2025-08-16
ADC-XYZ-001,0484,003,RASH,2,2025-08-22
ADC-XYZ-001,0484,003,HEADACHE,4,2025-07-23
ADC-XYZ-001,0484,003,DIZZINESS,1,2025-10-31
ADC-XYZ-001,0485,003,DIARRHOEA,4,2025-07-06
ADC-XYZ-001,0485,003,HEADACHE,5,2025-07-09
ADC-XYZ-001,0485,003,FATIGUE,1,2025-08-11
ADC-XYZ-001,0486,001,HEADACHE,1,2025-09-11
ADC-XYZ-001,0486,001,HEADACHE,1,2025-11-06
ADC-XYZ-001,0486,001,FATIGUE,1,2025-09-15
ADC-XYZ-001,0486,001,RASH,2,2025-09-23
ADC-XYZ-001,0487,004,RASH,3,2025-06-11
ADC-XYZ-001,0487,004,NAUSEA,2,2025-08-21
ADC-XYZ-001,0489,003,DIARRHOEA,2,2025-10-05
ADC-XYZ-001,0489,003,RASH,1,2025-10-06
ADC-XYZ-001,0491,001,HEADACHE,4,2025-06-03
ADC-XYZ-001,0494,002,HEADACHE,1,2025-10-06
ADC-XYZ-001,0494,002,RASH,1,2025-09-16
ADC-XYZ-001,0495,004,DIZZINESS,4,2025-06-27
ADC-XYZ-001,0495,004,RASH,2,2025-05-21
ADC-XYZ-001,0496,002,NAUSEA,3,2025-02-14
ADC-XYZ-001,0496,002,NAUSEA,1,2025-03-22
ADC-XYZ-001,0496,002,DIZZINESS,2,2025-02-20
ADC-XYZ-001,0496,002,FATIGUE,1,2025-02-20
ADC-XYZ-001,0497,001,NAUSEA,1,2025-07-03
ADC-XYZ-001,0497,001,RASH,1,2025-08-19
ADC-XYZ-001,0498,002,HEADACHE,2,2025-05-30
ADC-XYZ-001,0498,002,HEADACHE,3,2025-06-22
ADC-XYZ-001,0499,005,FATIGUE,3,2025-09-06
ADC-XYZ-001,0499,005,DIARRHOEA,1,2025-08-22
ADC-XYZ-001,0500,005,DIZZINESS,2,2025-08-22
ADC-XYZ-001,0500,005,NAUSEA,1,2025-06-19
ADC-XYZ-001,0500,005,NAUSEA,4,2025-07-10
